date,EUR,GBP,AUD,NZD,JPY,CAD,CHF,SEK,NOK,MXN,ZAR,BRL,INR,TRY,PLN,HUF,CZK,ILS,KRW,IDR,THB,PHP,CLP,COP,RON
2000-01-31,,,,,0.009328358474513907,,,,,,,,,,,,,,,,,,,,
2000-02-29,,,,,0.00907523348619356,,,,,,,,,,,,,,,,,,,,
2000-03-31,,,,,0.009712509798874011,,,,,,,,,,,,,,,,,,,,
2000-04-30,,,,,0.009246416882950416,,,,,,,,,,,,,,,,,,,,
2000-05-31,,,,,0.009291090081935715,,,,,,,,,,,,,,,,,,,,
2000-06-30,,,,,0.009433072161577058,,,,,,,,,,,,,,,,,,,,
2000-07-31,,,,,0.009146620170603113,,,,,,,,,,,,,,,,,,,,
2000-08-31,,,,,0.009374707201327473,,,,,,,,,,,,,,,,,,,,
2000-09-30,,,,,0.009248127489140301,,,,,,,,,,,,,,,,,,,,
2000-10-31,,,,,0.00919202124813359,,,,,,,,,,,,,,,,,,,,
2000-11-30,,,,,0.009060432863230751,,,,,,,,,,,,,,,,,,,,
2000-12-31,,,,,0.00874278741049819,,,,,,,,,,,,,,,,,,,,
2001-01-31,,,,,0.008570449069116443,,,,,,,,,,,,,,,,,,,,
2001-02-28,,,,,0.008518613214067203,,,,,,,,,,,,,,,,,,,,
2001-03-31,,,,,0.007922046846282301,,,,,,,,,,,,,,,,,,,,
2001-04-30,,,,,0.008105041516138445,,,,,,,,,,,,,,,,,,,,
2001-05-31,,,,,0.008387150648703282,,,,,,,,,,,,,,,,,,,,
2001-06-30,,,,,0.008032128514056224,,,,,,,,,,,,,,,8.77963125548727e-05,,,,,
2001-07-31,,,,,0.00799935991449903,,,0.09444119005468095,0.1096659587964079,,,,,,,,,,,0.00010526315789473685,,,,,
2001-08-31,,,,,0.008421052631578947,,,0.09618436706834603,0.11326952747723891,,,,,,,,,,,0.0001128286133363421,,,,,
2001-09-30,,,,,0.00836960137180954,,,0.09350338152740725,0.11274084580578542,,,,,,,,,,,0.00010300782859497322,,,,,
2001-10-31,,,,,0.008169934538673769,,,0.09371017494515425,0.11248593491350045,,,,,,,,,,,9.546539379474941e-05,,,,,
2001-11-30,,,,,0.00810044572475171,,,0.09382007196019275,0.11209630881903633,,,,,,,,,,,9.569377990430622e-05,,,,,
2001-12-31,,,,,0.007594744542465197,,,0.09506426050488201,0.11110740250144663,,,,,,,,,,,9.564801530368245e-05,,,,,
2002-01-31,,,,,0.007414547610319906,,,0.09374531195660045,0.10966475451412674,,,,,,,,,,,9.694619486185167e-05,,,,,
2002-02-28,,,,,0.0074928813853873035,,,0.09585338246960018,0.11258092140241718,,,,,,,,,,,9.852216748768474e-05,,,,,
2002-03-31,,,,,0.00753579519967914,,,0.09648039096523175,0.1129969024820662,,,,,,,,,,,0.00010178117048346055,,,,,
2002-04-30,,,,,0.0077802848323147746,,,0.0975324270652634,0.11886366186901119,,,,,,,,,,,0.00010718113612004287,,,,,
2002-05-31,,,,,0.008060615989676272,,,0.10263199441158642,0.12487201099984924,,,,,,,,,,,0.00011497556769186548,,,,,
2002-06-30,,,,,0.008366800770471841,,,0.10924066312662976,0.13337245817324392,,,,,,,,,,,0.0001147710317915758,,,,,
2002-07-31,,,,,0.00834863925689773,,,0.10552697873148958,0.13090290617095368,,,,,,,,,,,0.00011032048099729714,,,,,
2002-08-31,,,,,0.008443806446197372,,,0.10661492311623255,0.13270519453506843,,,,,,,,,,,0.00011293054771315641,,,,,
2002-09-30,,,,,0.008208158786591254,,,0.10784694475345415,0.1351488320945481,,,,,,,,,,,0.000111185234600845,,,,,
2002-10-31,,,,,0.008166598815210141,,,0.10936372447595523,0.134548756691503,,,,,,,,,,,0.00010834236186348862,,,,,
2002-11-30,,,,,0.008165264881461874,,,0.11050090322803646,0.13656165031616257,,,,,,,,,,,0.0001113895850737956,,,,,
2002-12-31,,,,,0.00842460004810311,,,0.11505758113056372,0.14442519220862934,,,,,,,,,,,0.000111731843575419,,,,,
2003-01-31,,,,,0.008339587769656555,,,0.11654467688954855,0.14460688842942582,,,,,,,,,,,0.00011273957158962796,,,,0.00035229874933943986,
2003-02-28,,,,,0.008468117800077684,,,0.11780089036862997,0.13965700408358914,,,,,,,,,,,0.00011256824449822705,,,,,
2003-03-31,,,,,0.008473857994219866,,,0.11842308252649221,0.13752509880662178,,,,,,,,,,,0.00011234061674998596,,,,,
2003-04-30,,,,,0.008416091588692033,,,0.12156576956046812,0.14208380575428195,,,,,,,,,,,0.00011484352569623887,,,,0.00034253614902061925,
2003-05-31,,,,,0.00838222945867113,,,0.12305647066997015,0.1436007921642515,,,,,,,,,,,0.00011527377521613833,,,,,
2003-06-30,,,,,0.008356313322477368,,,,,,,,,,,,,,,,,,,,
2003-07-31,,,,,0.00829462525091697,,,,,,,,,,,,,,,,,,,,
2003-08-31,,,,,0.008555051802734102,,,,,,,,,,,,,,,,,,,,
2003-09-30,,,,,0.008985533217481342,0.7406309863442595,0.7590132854795122,,,,,,,,,,,,,,,,,,
2003-10-31,,,,,0.00909090909090909,0.7593590923401718,0.7472724705551178,,,,,,,,,,,,,,,,,,
2003-11-30,,,,,0.009122422686959659,0.7689941445908557,0.7745333285567135,,,,,,,,,,,,,,,,,,
2003-12-31,1.2590018510818481,1.7888127565383911,,0.6544074416160583,0.009310986832332975,0.7708911712524382,0.8086689038732221,0.13887152844686665,0.14991604380719692,0.08935751955709834,0.15001275051726326,0.3447087184109768,0.021963541111595944,,0.2680031005340696,0.004784460199425027,0.03900612528476872,0.22812299169505398,0.0008404067396270757,0.00011898671194978668,0.02528253140111155,0.01810282349049623,0.0017344549842555654,0.0003713330857779428,
2004-01-31,1.2468050718307495,1.8252837657928467,,0.6706008911132812,0.009458948055745674,0.7554582132564841,0.7984031571377285,0.13528138165111053,0.14260249942235553,0.09051411745248115,0.14178363870495272,0.34106412915131523,0.022220246290557962,,0.26031497815442856,0.0047415838261751116,0.03742613113308617,0.22427559794203286,0.0008620689655172414,0.00011844972445401502,0.02560426070900861,0.01792275352303149,0.0017198382990899993,0.0003719822868864347,
2004-02-29,1.2494065761566162,1.8695082664489746,,0.6836204528808594,0.009153318077803204,0.7492320436931033,0.7927699479936001,0.13531982461447292,0.14292043452568404,0.09056330525109912,0.1509433962264151,0.3442340825640675,0.02212585226361554,,0.2559181043322135,0.004874482231301382,0.038434930182520616,0.22329901500009158,0.0008526602646369355,0.00011886649191899388,0.025490046791326205,0.01783166846200499,0.001681491757416488,0.0003786157877052472,
2004-03-31,1.231299638748169,1.843385934829712,,0.6667110919952393,0.009596008144951616,0.7635919390270334,0.7898893952511012,0.13263127125100801,0.14606216866332017,0.09004953095194992,0.1594896336590149,0.3454231456263985,0.023076568247816766,,0.2590673645536912,0.004966969606641867,0.03753753839756364,0.22144470529451013,0.0008574122936930166,0.00011647545279832275,0.025493946179749514,0.01786990736884183,0.001662372238870634,0.00038165026281782564,
2004-04-30,1.198293685913086,1.7785998582839966,,0.6248047351837158,0.009060432863230751,0.7295010115570744,0.772797509391877,0.13089690902206935,0.1457577187435775,0.08809020253397444,0.14353380205324012,0.34129692055152644,0.022581519082315676,,0.24942008384284128,0.004782858194195165,0.03684326846553726,0.21841215354188429,0.0008600671213515652,0.00011540015002019502,0.0250394369412503,0.017927572999000437,0.0015967808648268082,0.0003850448432474547,
2004-05-31,1.2198989391326904,1.8326095342636108,,0.6298022270202637,0.009130752653865324,0.7339449798144763,0.7980208842187777,0.13417415682101058,0.1486745669502456,0.08751203255395267,0.1536239924970704,0.31377470619043696,0.022079928897885213,,0.2622675608045841,0.004851542905536456,0.0385653678453831,0.22011885346646848,0.0008625150758517362,0.00010802752085490279,0.024695626385951876,0.01799855967031569,0.0015667596037658841,0.00037399954437067226,
2004-06-30,1.218397855758667,1.8202005624771118,,0.6343165040016174,0.009185266600274748,0.7500187535802798,0.7997441156856417,0.13296987908416832,0.1442751610164711,0.08720676718711652,0.1633293024475112,0.3241491045817481,0.021792189447334433,,0.27078255586906413,0.004858378230112441,0.03826579505559287,0.22279157260858762,0.000865276492385419,0.00010628009496292548,0.024488796924700948,0.017885888083154534,0.0016162139084361159,0.0003786157877052472,
2004-07-31,1.2016053199768066,1.822090983390808,,0.6348803639411926,0.00897988500825353,0.7510890583979558,0.780457379258141,0.1303288162166267,0.142553702892033,0.08719915975541098,0.16018966548298877,0.32938076271485256,0.021621154393999153,,0.2751485884929576,0.004845430644154815,0.03800258536570515,0.22201500911709432,0.0008546278274206796,0.00010939123776185527,0.02420487050259473,0.017921147198436384,0.001610669109934262,0.0003906860297886652,
2004-08-31,1.2178043127059937,1.8024837970733643,,0.655995786190033,0.00916002580170842,0.7619628258487963,0.7894528908275573,0.13331377952007595,0.14566005476754493,0.08798944303908361,0.1509433962264151,0.338753398696532,0.021610408384651156,,0.27368018423070417,0.0049026817375853364,0.03828777084124167,0.22165577440142745,0.0008691117862146267,0.00010682048816963094,0.024029218878974388,0.01788908716821859,0.0015942352205326287,0.0004027548589679525,
2004-09-30,1.2433944940567017,1.8128092288970947,,0.6760868430137634,0.009084302174474436,0.7927070941292236,0.8028904257470633,0.13747216259372355,0.14906462154688435,0.08808244759558227,0.15560327439164234,,0.02182977234394749,,0.28509521619207145,0.005046172524801018,0.03942751116618238,0.22373866998334938,0.0008689606861055605,0.00010932546190007652,0.024209558076563616,0.01784758204152417,0.0017018380557331189,0.00039427511759188,
2004-10-31,1.2791976928710938,1.8381000757217407,,0.6843221783638,0.009458948055745674,0.8215576457987737,0.8367500978781025,0.14149274620550975,0.15695383444404237,0.0866551129380962,0.16417395290717532,,0.022070182513600014,,0.29659509606997553,0.005214852047590936,0.04051699728097909,0.22475949958036145,0.0009039139074966815,0.00011015521342895323,0.024476808498460255,0.01782531242779444,0.0016306563391765185,0.0003898635477582846,
2004-11-30,1.3298048973083496,1.9095995426177979,,0.7141836881637573,0.0097181728393707,0.8419634352589291,0.8775778681445898,0.14903129572502344,0.1628876670739728,0.08926977592994742,0.17267577914812376,,0.022505289701175452,,0.3176519271910336,0.0054253470066383015,0.04291661192483732,0.2296633195782605,0.0009545628324787673,0.00011088564603720798,0.025472515532371242,0.017879492124863436,0.0016970725498515061,0.0004037141703673799,
2004-12-31,1.3565024137496948,1.9197911024093628,,0.717875063419342,0.00975514563614048,0.8325701497197624,0.8768084562192497,0.15055479765128565,0.16475821814449654,0.0900414194857492,0.1773018208177494,,0.02309042280883916,,0.3344257861386492,0.005543851718208291,0.044863165496928904,0.23204546920630156,0.0009974067667571824,0.00010684902233144567,0.025832451702113235,0.01784917398954613,0.0018426726040673084,0.00042656655682786113,
2005-01-31,1.305193305015564,1.8841972351074219,,0.7126059532165527,0.00965250979467723,0.8063215332609478,0.8418925392229959,0.14330548793587813,0.1572895890464179,0.0896539335388028,0.16758840266824232,,0.022904260272444178,0.7507507410754575,0.3213987387278176,0.005320280720793476,0.04337830312075272,0.2285557598034541,0.0009752196357235619,0.00010919892140471615,0.02595851908977635,0.018050541019080508,0.001718213058419244,0.0004233700254022015,
2005-02-28,1.3217023611068726,1.9192017316818237,,0.7275902032852173,0.009566631700736796,0.8101757967575808,0.8592541665377742,0.14594278538862993,0.16078980484047273,0.09018758776740703,0.17222671441033174,,0.022956840414912243,0.7824726152102286,0.34000885385680635,0.0054725552639483315,0.04460303285446292,0.23076036024616176,0.0009962143974505083,0.00010801119223787694,0.026130127725073865,0.01837222109853469,0.0017429193899782135,0.000429553264604811,
2005-03-31,1.2966973781585693,1.889501929283142,,0.7125044465065002,0.009333582282030675,0.8267195960129538,0.8362602814029213,0.14149274620550975,0.15778345733647423,0.0895936927877648,0.161170747992486,,0.022930520201887666,0.7415646941780075,0.31724880957117335,0.005248792659955587,0.04314715277001103,0.22972661665919772,0.0009832841691248771,0.00010565240359218173,0.025578063812851128,0.018261505307730647,0.0017064846416382253,0.00042211903756859433,
2005-04-30,1.287597894668579,1.9094902276992798,,0.7336757183074951,0.009555661590245748,0.7950389676388192,0.8368200469514994,0.14026229220931877,0.15836566995905446,0.09101665219272605,0.16511731140159083,,0.023052097173298845,0.7238508837192125,0.30066145744289263,0.0051072522186614054,0.04221190280525166,0.229431461470944,0.0010033512200203353,0.00010465724751439037,0.025369764432740763,0.018518518518518517,0.0017174753112924003,0.00042625745950554135,
2005-05-31,1.2307995557785034,1.8176862001419067,,0.7052186131477356,0.009225092121066666,0.7976389771867826,0.8015389808943124,0.13452613508382963,0.1550051198981549,0.0919836267853048,0.14727323391670935,,0.022925264201898762,0.7369196793805967,0.29537734855155867,0.004843084176152111,0.040600894603070516,0.22721591509913133,0.0009930486593843098,0.00010517458981909971,0.02465057724011782,0.018433179723502304,0.0017152658662092624,0.00042780565465910754,
2005-06-30,1.2091021537780762,1.7902858257293701,,0.6969126462936401,0.009020386022861206,0.8165265135793663,0.7793624760450277,0.12791649981899633,0.15287013467925112,0.09314022445833359,0.150317173485055,,0.023009664543625796,0.7538635176363688,0.29924887839746644,0.004899318980009275,0.040217981385467914,0.21897170322160564,0.0009673050423373075,0.00010252834498224877,0.024214247466498084,0.01788908716821859,0.0017313020122370422,0.0004299226139294927,
2005-07-31,1.2124004364013672,1.7582108974456787,,0.6834803223609924,0.008893631966266732,0.828020194015905,0.7760360273683665,0.12893576801998832,0.1543329004181184,0.09435030642956357,0.15278838630147765,,0.023068051561685197,0.7568303772654095,0.2982048077738648,0.004956383957306851,0.040225260476606975,0.22173440195154423,0.0009775171065493646,0.00010205331468468466,0.024024024024024024,0.01783166846200499,0.0017793594306049821,0.00043161122281908305,0.34499412302253485
2005-08-31,1.234095573425293,1.8033939599990845,,0.6956037878990173,0.009037505523812571,0.8413259692224186,0.7977662641986016,0.1323434065639339,0.15696369050051545,0.09293680099706825,0.15723270110175622,,0.022737608240301296,0.7448789730436933,0.30741800710088524,0.005063547380551438,0.04199475065616798,0.22101401087221595,0.000962000962000962,0.00010071406666681092,0.02426595540441994,0.01779359406449404,0.0018433179723502304,0.0004344048653344917,0.3521126866979135
2005-09-30,1.2028049230575562,1.7646021842956543,,0.6930967569351196,0.008813678900662472,0.8599931537696351,0.7730962824026253,0.12911889116275724,0.15286312583965667,0.09298000830862692,0.15784074458702688,,0.022763487208129637,0.7440476290788715,0.30669201140571756,0.004830451064448298,0.04068348263238012,0.21810726979858625,0.0009688983854808117,9.721952167995334e-05,0.024395598361925803,0.01786990736884183,0.0018885741265344666,0.00043725404459991256,0.3382835507552274
2005-10-31,1.1988970041275024,1.7687844038009644,,0.700721800327301,0.008588113870086955,0.8459520778881048,0.775434234345161,0.12560920089888222,0.15398829788444812,0.09296272221223363,0.1492760139801055,,0.022202486227198417,0.7429420747341305,0.302452899836432,0.004797543601454841,0.04049566656326892,0.21593608096285066,0.000957762688806511,9.881422924901186e-05,0.024551927602233747,0.018271514861392942,0.0018409425212215706,0.00043706293706293706,0.3294892822799697
2005-11-30,1.1804981231689453,1.7309123277664185,,0.704820990562439,0.008352823169091902,0.8575593674721088,0.7610929329822228,0.12398331590480095,0.14855529642708967,0.09471939482261657,0.15509887002724868,,0.021805494694526435,0.7380073696853332,0.3016136310275657,0.0046680981901859675,0.04086469586710743,0.21536871491397788,0.000981257996228529,9.99000999000999e-05,0.02428422203670128,0.018566654078496354,0.0019359210601720045,0.0004398504508467121,0.32273680674229427
2005-12-31,1.184104561805725,1.7206965684890747,,0.682593822479248,0.0084760126423681,0.8608815473645007,0.7599361837571519,0.12600012484944317,0.14832393721790346,0.09408223043334625,0.1582278438035428,,0.0222370463165481,0.7407407276587887,0.3080809716789512,0.004709871729012194,0.040821325492469605,0.21739130885479366,0.0010005502904459967,0.00010197629867662847,0.024433749003962897,0.018875047350704246,0.0019453361029992775,0.000437636761487965,0.3218849641654574
2006-01-31,1.2148454189300537,1.7785998582839966,,0.686294674873352,0.008524422647784321,0.8781944257749179,0.7821666254072906,0.1317453587627212,0.15061374783369283,0.09578085102768098,0.16542050243644293,,0.022779042488426868,0.7558579248680498,0.31845106424721126,0.004834888513015784,0.04287613094210494,0.21473051021575218,0.0010547632921000972,0.0001068935705396309,0.0257036378711351,0.019227072337473613,0.0019002375296912114,0.0004415011037527594,0.3359650557586276
2006-02-28,1.1930042505264282,1.7542012929916382,,0.6630420088768005,0.008636324312058113,0.8795848760953121,0.7628347094827086,0.12660310810137776,0.14828434647969344,0.09541711638069844,0.16260162349481314,,0.022598870056497175,0.7616146440218038,0.315427561377198,0.00471386821380747,0.04212565979027,0.2130969419197962,0.001049582255499993,0.0001083118560653899,0.025621973845147274,0.019368583755803227,0.0019342359767891683,0.000445632798573975,0.3436898519774296
2006-03-31,1.2115044593811035,1.7377101182937622,,0.6139112114906311,0.008491847672040219,0.856604418259383,0.7666948078471029,0.12828736243905722,0.1526368043765231,0.09203018441477126,0.16229814228916817,0.46142486118653064,0.02245777943634181,0.7482229432161532,0.3093580746783765,0.0045987583997898224,0.042656655127491235,0.21383514026395153,0.0010372475309817872,0.00011067210934231478,0.0257599177707703,0.019615535680252642,0.0019051246970626149,0.0004361098996947231,0.3465844201184532
2006-04-30,1.2635995149612427,1.8259837627410889,,0.6360109448432922,0.008785802167292339,0.8955758259027706,0.8074935514935238,0.1361563062387206,0.1629327952874891,0.0906289617586466,0.16689476086319005,0.4776233617191555,0.022271218419428595,0.7624857305611817,0.3271716059966193,0.004806074709469205,0.04445630048296775,0.22348367142246373,0.0010840461280682992,0.00011411877736440678,0.026679473921451348,0.019372336704608445,0.0019451469509607843,0.0004222972972972973,0.3617159755710218
2006-05-31,1.2816076278686523,1.8716076612472534,0.752785325050354,0.6356067061424255,0.008886519246847968,0.9083476709685167,0.8211528843939107,0.13838915350514253,0.16436554599225195,0.0886367697675256,0.1487873785230592,0.4353125611367954,0.02166377823452405,0.6397134096419207,0.32546786105904096,0.00488066768987712,0.0453947083606793,0.22148394896374252,0.0010670308882126888,0.00010786671760840948,0.02624947454789089,0.018986140777760813,0.0019516383446428456,0.0004156103068920893,0.3643119983635812
2006-06-30,1.2782983779907227,1.8490097522735596,0.7427765130996704,0.6100164651870728,0.00873438744570412,0.8971023917681314,0.8175946720238563,0.1390201835781931,0.16074069338984373,0.08898380561201442,0.1405718453057635,0.4626416889146555,0.02183167761898266,0.6337135817686232,0.31974419878627985,0.004531653638001113,0.04498223019674835,0.22643901171772043,0.0010678512446196011,0.00010913456291607552,0.02625981372185057,0.01889287727629608,0.0019245942922575842,0.0003972036706429056,0.35812771015104056
2006-07-31,1.277400255203247,1.8682161569595337,0.7658727169036865,0.6193100810050964,0.008732861595883285,0.8844861326675214,0.8128099170350596,0.13885031663456524,0.16247481803480768,0.09139932377247445,0.14423354539698627,0.4604051710927782,0.021542439453799758,0.6715916890387575,0.32429627242500053,0.004700352526439483,0.04487725878670274,0.22778004841360033,0.0010616274611610812,0.00011020254991911843,0.026442434264611153,0.019550341547772163,0.0019416720944365595,0.00043084877208099956,0.3609065825656378
2006-08-31,1.2809016704559326,1.9030944108963013,0.7633005380630493,0.6560819149017334,0.008520790685065798,0.9055510096572152,0.8124136485672708,0.13797099832183637,0.15820531977940672,0.09169684674907737,0.1390221188908947,0.4686035475655665,0.02151648081960667,0.6825938411030529,0.32448569186800624,0.004636283502623898,0.04538852662942523,0.23045722608511993,0.0010524653731569169,0.00010984182776801405,0.026643929451073703,0.019685039665718374,0.0018527095877721167,0.0004175365344467641,0.3641262813707345
2006-09-30,1.2662074565887451,1.8717128038406372,0.7464914917945862,0.6532105207443237,0.00847745004884145,0.8953353293694385,0.7984031571377285,0.13627133926303536,0.15290987101306566,0.09147456872888703,0.12997478535572332,0.46234223191275,0.021874658135452085,0.6633498940006058,0.3190505063551791,0.004665702381639732,0.04493170276282734,0.23285598540297545,0.0010679424964068402,0.00010858116755081497,0.026638961106531456,0.019935806981380526,0.0019461689016606223,0.0004362621155666439,0.3599452998318403
2006-10-31,1.2766989469528198,1.9082876443862915,0.7750135660171509,0.6715014576911926,0.00856237684871059,0.8915039286882558,0.8041817487748812,0.1385214223672434,0.15295665594029798,0.09306394169871231,0.13583634079664408,0.46882327627159376,0.022304004024086662,0.6898930833691153,0.33012015534199435,0.004901960784313725,0.04541222913579494,0.2341920385168287,0.0010809057705352635,0.00011009457597138573,0.027320164535457468,0.020104542948435708,0.0020032854174295857,0.0004540913732505814,0.3618206940052968
2006-11-30,1.325100064277649,1.9664137363433838,0.7885813117027283,0.6838074326515198,0.008644536630030227,0.8758868128864226,0.8350730755439477,0.1463678828628125,0.16254084153005804,0.09122423004413419,0.14042379467766103,0.46168054066203756,0.022446185931968732,0.6913239121317482,0.3477293402682926,0.005174108645386366,0.04762811898417789,0.2367816647401089,0.0010871810511456177,0.00010922515207789119,0.027942328442807626,0.020197940494881286,0.0019830253082031516,0.0004556223700349982,0.3820877422674289
2006-12-31,1.3198009729385376,1.9592092037200928,0.7888302206993103,0.7050197124481201,0.008404773674447242,0.8585901718406929,0.8199409896404426,0.1459619629953038,0.16032835803551523,0.09302325581395349,0.14288164091724592,0.469263247446706,0.022706629864020424,0.7091695708837499,0.34473248881364976,0.005275931388740649,0.048072300634526714,0.2371466395183411,0.0010905838957155775,0.00011134989235270905,0.02774310031347299,0.02044153796871574,0.0018795226443819033,0.0004470272686633885,0.3901068847014499
2007-01-31,1.3023037910461426,1.9634021520614624,0.7756748795509338,0.6896076202392578,0.008282259546900905,0.8509190030078233,0.8035355299707662,0.14384143334423896,0.16013322851997455,0.09097111414490054,0.13886381347485247,0.4716313607849968,0.02272468982450659,0.712758376364375,0.3348401110656157,0.005112735920667714,0.046373587377604275,0.23523877135966342,0.0010822042593165904,0.00011072725422685613,0.028860027589122445,0.02051702842763334,0.0019347224823396349,0.00046667910080872433,0.3814901029411992
2007-02-28,1.322891354560852,1.9640191793441772,0.7870917320251465,0.701311469078064,0.008422470914902084,0.8546278288137855,0.8202772547384495,0.14293678010698693,0.16308424467644744,0.08957924980658777,0.13837383141310944,0.47258980611814094,0.022719011867196253,0.7107320814747655,0.3386960082876798,0.005195884677935781,0.046901013695176866,0.23758611872576516,0.0010768899701607355,0.000109598647398568,0.029415226720117614,0.02080732358355159,0.0019386231255825246,0.00047036688617121356,0.39006124559271577
2007-03-31,1.3358982801437378,1.9525147676467896,0.8093234300613403,0.7146941423416138,0.008488243958265444,0.8663259309901817,0.8239267972294965,0.1432459543976736,0.16457654432356056,0.0909338932061652,0.13810819838301971,0.48661798905826986,0.023231502904824074,0.7221781200538409,0.3457814709025042,0.005397236650412476,0.04775093243047426,0.24078979759048538,0.00107254710166796,0.00011012003083360864,0.030980853949496328,0.02082248762576586,0.0019446551892762902,0.00048376950934008215,0.3985651554058632
2007-04-30,1.3652063608169556,2.0,0.8298754692077637,0.7412898540496826,0.008378016042949604,0.9012257091991522,0.8290499063136746,0.1493049847662286,0.16818595125960303,0.09115354821525422,0.1417977118604817,0.49312096730294724,0.02440869820586608,0.7342143967712312,0.36077638543057616,0.005530055797567691,0.048522491934559125,0.24882431025964602,0.0010746332954898524,0.0001098635471141346,0.030959753053263685,0.021155066433593803,0.0019888228254321206,0.0004969931972236087,0.41276263243563477
2007-05-31,1.3456052541732788,1.9798059463500977,0.8284317851066589,0.7376807332038879,0.008213552361396304,0.9344921473480805,0.8162598702096862,0.14471780348512076,0.1658044852199217,0.09310553122201098,0.14068060866752452,0.5210775759200595,0.02466334446368864,0.762776512587219,0.35326951921094374,0.005384449673848726,0.047645137653797215,0.2465483093266921,0.0010736410698115053,0.00011339282174714863,0.030587586814610594,0.02184360040770099,0.0019406171622145824,0.0005325948087999589,0.4122521420273767
2007-06-30,1.3536012172698975,2.008314371109009,0.8481764197349548,0.7713074088096619,0.0081195190830256,0.9394081955744628,0.8186655489067928,0.14628009205282358,0.16961226308877858,0.09272137358814639,0.14191039775948047,0.5187798228076014,0.024673082411016747,0.7685804227032537,0.359092208092636,0.00548937810864221,0.04711980243561839,0.23557126665700637,0.0010851165443912607,0.00011080210117140761,0.03158260419501039,0.02165439569925515,0.0019400523354694355,0.0005217845030002609,0.4345181295609313
2007-07-31,1.3672035932540894,2.029385566711426,0.8520064949989319,0.7616726756095886,0.008444519637412407,0.9373828286549721,0.8324315151924114,0.14838997228202636,0.171438362525064,0.09101251264079553,0.13994038984820403,0.5360493242101642,0.024753701407532493,0.7800312343229782,0.3604902759338441,0.0054179983763200665,0.0487662135326317,0.23207240576905455,0.0010864369185906372,0.00010853521342326211,0.03378378334839559,0.02210433162905865,0.001946775231705345,0.0005153045514689671,0.43502847653469445
2007-08-31,1.3642005920410156,2.017186403274536,0.8165265321731567,0.7027900815010071,0.00863781661049129,0.946880020552625,0.8277460740415917,0.14502632413890204,0.17192469145771652,0.09067004936122673,0.14036466734579411,0.5093724601155599,0.024645717343112997,0.7722007977909368,0.35718112377523814,0.005384159925718048,0.049244104942782356,0.24301337925184652,0.0010671219998429017,0.00010576973927759268,0.030748417062471917,0.0215633423180593,0.0019415591179510199,0.0004664614130159361,0.41960390621522
2007-09-30,1.4264928102493286,2.046203374862671,0.8858965039253235,0.7571169137954712,0.008715356620341732,1.0042176959351525,0.8598452370250732,0.15538807823404208,0.1856596504150259,0.09151642681529334,0.1455116887305237,0.5452562729988943,0.025268477087092404,0.8320159710096974,0.37870181506370965,0.0056989798429545645,0.051837643513373485,0.24924601710675942,0.0010972251000420969,0.00010996865893220432,0.03146435129831078,0.022172949752399918,0.0020022425018254696,0.0005066882916347383,0.42707665225905034
2007-10-31,1.4471989870071411,2.079780340194702,0.9317927956581116,0.7723796963691711,0.008666262286935322,1.0563008602284583,0.8624407050733397,0.15743568839151725,0.18624747769299707,0.09401235368174467,0.15396695331909088,0.5759705185988672,0.025527135484075775,0.8580008250039404,0.3994727037722672,0.005779344663092319,0.05383000581742883,0.25290844738613283,0.0011127307495169326,0.00011003763523534031,0.031618552958850854,0.023014959319700334,0.0020733553213947518,0.0005105948429920858,0.43635731099368025
2007-11-30,1.469594120979309,2.0566821098327637,0.8855043053627014,0.7652280330657959,0.008947744997186423,0.999600212727344,0.8833142057229515,0.15655086922358338,0.18021914675469639,0.0917767995964039,0.14727540583477333,0.5630947668538434,0.02534532894668145,0.8526603402120254,0.4073983382188775,0.0058377115130456405,0.05582070613372128,0.2615062842376011,0.0010875712590177342,0.00010671789125446881,0.03279441179940294,0.023668639053254437,0.0019970842131675306,0.000489763922071577,0.42229729185494486
2007-12-31,1.4601097106933594,1.9866102933883667,0.874278724193573,0.7659900188446045,0.008956560558292638,1.002405754787715,0.8833922499637739,0.15483471613773192,0.18398586262805589,0.0918020776845806,0.14706963772087336,0.565834886264841,0.02548095368114651,0.8599931537696351,0.40623983323872204,0.005827505620231517,0.05508731376216194,0.2598752565261199,0.0010794939503140245,0.0001057093583132255,0.033582966237425155,0.024301335672396222,0.002031199189801456,0.0005002251074045956,0.4093160369993317
2008-01-31,1.4865025281906128,1.9906044006347656,0.8954154849052429,0.787587583065033,0.009411676174059427,0.9987017104444031,0.9253261433452219,0.1571215323760778,0.1849386051860187,0.09248469262159709,0.13423539122971956,0.5706133907841597,0.025436231901073643,0.8556515934794854,0.4130183317021572,0.00576601535046738,0.05718043091016032,0.2770083182989831,0.001062450894718016,0.00010857880732542193,0.03222999278788995,0.024813896251401995,0.0021938965914661654,0.0005248517159357974,0.4010427119690334
2008-02-29,1.519202709197998,1.9866102933883667,0.9297136068344116,0.7982119917869568,0.00963669685217068,1.0131712376847262,0.9595087598012813,0.16221125955377888,0.1918060398883746,0.09326618062068347,0.12809017285484056,0.5957700127959112,0.02505637694370583,0.8214901444485913,0.43290044362370655,0.005800464242478098,0.06065016662114619,0.2754062209979331,0.0010662799319335415,0.00011062680673345616,0.033780359367334735,0.024813896251401995,0.0022449208050200507,0.0005526999242871271,0.4065536269728877
2008-03-31,1.5757957696914673,1.9842058420181274,0.9138261675834656,0.7849293351173401,0.01001502268684739,0.9753242706526339,1.005530436098036,0.1680954815730769,0.19608228501117084,0.09402472890828927,0.1233045674886885,0.5748778233309466,0.02506956808970205,0.7508635020499559,0.4488330490965723,0.006054734668363402,0.06254691051095482,0.28328612127617026,0.0010077800323247414,0.00010841754221243359,0.03194888256789338,0.024254184116000107,0.0023069647200126444,0.0005526388505111909,0.42585808906733785
2008-04-30,1.5622069835662842,1.9877949953079224,0.9437523484230042,0.7822889685630798,0.00962065740229185,0.9920634761073485,0.9661836060385093,0.16742005553280784,0.19688526983390828,0.0953334282507252,0.13253810336489666,0.6030635536042801,0.02476105483846714,0.7888923580416424,0.45324751431640714,0.006201166030410656,0.061996283448812875,0.2923976542958565,0.0009976057219118033,0.00010690042225666791,0.031746031746031744,0.02374450813595231,0.00222930642635948,0.0005743825387708214,0.4282838844595478
2008-05-31,1.5540982484817505,1.982789397239685,0.9564801454544067,0.7838219404220581,0.009478672985781991,1.0066438720195727,0.96024586373281,0.16670001220152467,0.19597084367042766,0.09708737684291771,0.13201320464416114,0.6163328414587661,0.02351226262296123,0.823791106902325,0.46112697685341136,0.006482562139308813,0.06230529891184864,0.3091190208432383,0.0009717228876918699,0.00010698849027433876,0.030796710274506412,0.02295947636306564,0.002087246894720217,0.000574052812858783,0.4312575521152503
2008-06-30,1.57500159740448,1.992984652519226,0.9580379128456116,0.761904776096344,0.009423294139824252,0.9810654524853962,0.9794319029503306,0.16626210109303263,0.19651770011679634,0.09709680752909175,0.12771392206178786,0.6285355277034229,0.023336133021228223,0.817527820293355,0.4704996559566391,0.006702413005724808,0.065997886206617,0.29906989870721895,0.0009560229445506692,0.00010876067214095382,0.030030030718050906,0.022371364271409476,0.0019054878492003615,0.0005230125523012552,0.43391477906555354
2008-07-31,1.5593082904815674,1.9831039905548096,0.9405568242073059,0.7320108413696289,0.009275577614743095,0.9773260024438369,0.9546539249103256,0.16531111393485085,0.19493937982723505,0.09969990459548543,0.13661575639417348,0.6402868472570109,0.023566009440283902,0.8683570659815548,0.48522490811878377,0.006673785534170666,0.06519967562325689,0.2871088109388606,0.0009894132659762553,0.00010979238731323232,0.029981411442559208,0.022698898946154712,0.002000840318739822,0.0005666685712412104,0.4445036978882624
2008-08-31,1.4670931100845337,1.8217922449111938,0.856531023979187,0.6993985176086426,0.00919202124813359,0.9365049239976618,0.9124919667802159,0.155151813591024,0.184467810237283,0.09715340313849921,0.1299545130203807,0.6132335836116797,0.022922636103151862,0.8494733555785787,0.4404898219464185,0.006230529595015576,0.05932957740486059,0.27956388794926357,0.0009187798397361738,0.00010877250231141567,0.029385837081145554,0.021784119956256252,0.0019647909792301663,0.0005279831045406547,0.4166319664080305
2008-09-30,1.409641981124878,1.7820864915847778,0.7925814390182495,0.6693888902664185,0.00942773642761494,0.9404683412621206,0.8921402166654561,0.14469686479040794,0.17060770093539449,0.09148712293198248,0.1209336066684543,0.5202913494807543,0.02145876617824584,0.7911392040950652,0.41573126477912187,0.005835327236347137,0.05763688634082263,0.28951939811940614,0.000830013246573713,0.00010546631715843256,0.029585799484383838,0.021204410585995256,0.001792725129303473,0.0004566001348843172,0.3765485604256037
2008-10-31,1.2701960802078247,1.607303500175476,0.6689858436584473,0.5824111700057983,0.010158471913846437,0.8297378325313182,0.8624407050733397,0.12885269751112358,0.1489425031989778,0.0781249988358468,0.10245901399067549,0.47687174796528436,0.020241685777602755,0.656254094934497,0.3557199894462119,0.004994256711470643,0.05307855583337872,0.264830506869309,0.0007756748664867742,9.0711175616836e-05,0.028611484475063016,0.020512820512820513,0.0015128593040847202,0.00042660294285207814,0.3495281295583698
2008-11-30,1.269792914390564,1.5385088920593262,0.6541078090667725,0.550297200679779,0.010471204188481676,0.8093234091309917,0.8348638891307864,0.12341261219611921,0.14276536691069355,0.07468259703956423,0.10047827450150673,0.4431249092737399,0.02005213598191281,0.6383658045801633,0.3370975847671869,0.004863576659848784,0.05014542314265681,0.25451769540432856,0.000681245305108001,7.84375245117264e-05,0.028347081324625684,0.02047082970800424,0.0015211901678972796,0.00043605284032109074,0.33681373053273017
2008-12-31,1.3979953527450562,1.4656095504760742,0.7055171132087708,0.5803157091140747,0.011031439417179914,0.8224360932685524,0.9588647352299754,0.12771392206178786,0.14365752117972844,0.07269555333043866,0.10696445752701818,0.4302926208625295,0.020805160274035988,0.6697026769160687,0.33755273174969214,0.005322829754566347,0.0521757268544651,0.26476039532161766,0.0008050233773207069,8.960573476702509e-05,0.02930145476697461,0.02115954370536588,0.0015891682046861063,0.0004377325454147516,0.35348179616416614
2009-01-31,1.2836971282958984,1.456303596496582,0.6384880542755127,0.5088022947311401,0.011123470334003684,0.8152616651571942,0.8616975073395118,0.11957858474832955,0.1448100077799528,0.06978853841778587,0.09847366088580052,0.4418912925068296,0.020519975477226574,0.6127451094972407,0.2890758211460247,0.004313877790138166,0.04596433058254087,0.2464875426444257,0.0007261636901667313,8.827683615819209e-05,0.02849489797582134,0.021561017183491786,0.0016603572281276512,0.00042482690066995285,0.2990609425483821
2009-02-28,1.2678931951522827,1.4272053241729736,0.6422194838523865,0.5016051530838013,0.010243802211273887,0.7844368094887157,0.8547739557799644,0.11094592399829228,0.14234875251595233,0.06518904759145637,0.09943322900159869,0.4221190450455129,0.019743336029102863,0.5883737414673404,0.273336069971569,0.00423728813559322,0.045179360478969054,0.24038462420187084,0.0006534666196774816,8.304958059961797e-05,0.027851275142685938,0.020554983939066466,0.0016959500290973848,0.0003929273084479371,0.2958579781484442
2009-03-31,1.3246963024139404,1.434493899345398,0.6918021440505981,0.5601927042007446,0.010104071816367868,0.7923930490969424,0.8780401821853661,0.12123710930169827,0.14860607752678454,0.0706449167508146,0.10498688084507263,0.43346338703831716,0.01969124118202432,0.5996641752287877,0.2856816309672245,0.004310159146917854,0.04845783097118722,0.2372479154920145,0.0007272198514685412,8.628127696289905e-05,0.02820556327793698,0.020716801129409594,0.0017370157700124964,0.0003916960438699569,0.3140210414785441
2009-04-30,1.323521614074707,1.4788086414337158,0.7266914248466492,0.5650036931037903,0.010132738628654055,0.8376612690627022,0.8770391014200041,0.12415111831507708,0.1527323823730911,0.07240290910858559,0.1183740189836264,0.46106320900918607,0.020330161941608638,0.6266449264227406,0.30008401600360707,0.004600662482480578,0.04952210967693428,0.24024024574440725,0.0007824114068553642,9.334453467749463e-05,0.028528227539777736,0.020846361779294997,0.0017351772557066033,0.00043649061545176777,0.3163756030991398
2009-05-31,1.4157087802886963,1.6186991930007935,0.8010253310203552,0.6411900520324707,0.010478885013120592,0.9165903169929188,0.9376465525431875,0.1326611814579805,0.15912923992347477,0.07629510744060945,0.126151128324115,0.5088281780606985,0.0212906377039144,0.6523157240552995,0.31508963364883336,0.0050002498751577935,0.052548605565829534,0.25157233307969995,0.000799936020742091,9.847365829640571e-05,0.029228654705185226,0.02124495446108871,0.0018080239227696577,0.00046170185377352217,0.3385928201405664
2009-06-30,1.4038830995559692,1.6466867923736572,0.8061915636062622,0.6457862854003906,0.010380874139108244,0.8605111751147702,0.9209798787947456,0.12977069194385996,0.155593588435894,0.07587829179192432,0.12957731754355278,0.5094762516732301,0.020920065008106063,0.6497725651019034,0.31528833110302174,0.005157829455412038,0.05412866191153607,0.25529741789091287,0.0007857928800757476,9.824147755182238e-05,0.029442072589651,0.02080732358355159,0.0019106941730125176,0.0004655493482309125,0.33403480336221403
2009-07-31,1.4260046482086182,1.670508861541748,0.8356313109397888,0.6645843386650085,0.010566356788347341,0.9272136948865682,0.9362419463135188,0.13926606723068546,0.16347882673895694,0.076051409782875,0.12874983577451196,0.5366534342690693,0.020996934689748472,0.6804109780263785,0.3439499335726157,0.005367686439179393,0.055865922978277006,0.26395670618241357,0.0008175946528990327,0.00010231121432820598,0.02952290834163162,0.020868114319921922,0.0018965254597893542,0.0004975371848614837,0.34013604780178885
2009-08-31,1.434267520904541,1.629195213317871,0.8428860306739807,0.6859180927276611,0.010767739532954883,0.9140767975894879,0.9450902694078156,0.14058567891726975,0.16651125683782073,0.07489065756587936,0.12876144033392783,0.5336179428687239,0.020512820512820513,0.6668889468704203,0.35033633274895276,0.005267038853814677,0.056357080096820736,0.26364355510828935,0.0008003201280512205,9.9000099000099e-05,0.0295490818496176,0.020846361779294997,0.0018522634492030541,0.0004870920603994155,0.3409594655079546
2009-09-30,1.465502142906189,1.6002048254013062,0.8837825655937195,0.7233796119689941,0.011127183369737155,0.9358913998394328,0.9665571053505452,0.14381867624126513,0.17358097081261709,0.07403733202210495,0.13319303244517317,0.5643022492689761,0.020916125732609755,0.6742633415171996,0.34867503115735093,0.005451373673631609,0.058129399026046955,0.2656748183356812,0.0008520065106942834,0.00010392309690828787,0.030088761294878218,0.021030494554048245,0.0018542211428063768,0.0005197505197505198,0.34835922984137513
2009-10-31,1.4732965230941772,1.6447908878326416,0.9009820818901062,0.7194762229919434,0.011100011551220517,0.9219989175980877,0.9741841334698115,0.14137872081553363,0.17458100058713905,0.07595263854176867,0.12768945836438067,0.5874060256991817,0.021313781823834775,0.6672449355142739,0.3459250035505465,0.005369127516778523,0.05554321351382589,0.2670940200875297,0.0008435259384226065,0.00010410594243632712,0.03007790027470592,0.020971395849336574,0.0019051246970626149,0.0005140859680762153,0.3430531777311973
2009-11-30,1.5038950443267822,1.6457926034927368,0.9175995588302612,0.7181844115257263,0.011594202898550725,0.9489466810484037,0.9969095429581848,0.14377731365287746,0.17670654170422917,0.07732158277938296,0.13517167233977,0.5721805880591537,0.021524818030450903,0.6547073386218114,0.36168980543292184,0.005482456323806238,0.05760036843985672,0.2643404710591482,0.0008616233164188571,0.00010691071264133565,0.030353619950316883,0.021208907054883906,0.002076713813334685,0.0005005005005005005,0.35242289564417045
2009-12-31,1.4327058792114258,1.6182016134262085,0.898311197757721,0.7263219356536865,0.010763103654981565,0.9503896961114681,0.9669310049982145,0.14128084812486677,0.17301037434272992,0.07642922867542185,0.13514243960240974,0.5737234552446068,0.021551723429195684,0.6674230989467366,0.35037314876004544,0.005357334085400497,0.05452562659106051,0.2643404710591482,0.0008687342726169167,0.00010607603310442388,0.030371136483469046,0.021551723429195684,0.001999760038559826,0.0004904364884747426,0.3389600612120411
2010-01-31,1.3866932392120361,1.5984909534454346,0.8843296766281128,0.7019021511077881,0.011077877890635876,0.9345793934386541,0.9426848050290859,0.13555095076250448,0.16884477003994658,0.07643214789601958,0.1312852811445494,0.5339313338201253,0.021692915294984887,0.6683598603621136,0.3435599586218003,0.0051192793014608415,0.05298855520057229,0.26852846566759636,0.0008634087740965564,0.00010810810810810811,0.03029476912985399,0.021475357661160006,0.0019408431390294742,0.0005109340000755923,0.33970852140879243
2010-02-28,1.3631035089492798,1.523902416229248,0.8958967924118042,0.6987143754959106,0.01124593770616058,0.9510223826644405,0.9317059501240241,0.14050074131045465,0.1693107340472933,0.07831834724338652,0.12961090437565476,0.5537098577897859,0.021786491650467362,0.6467468478002255,0.34587713658897173,0.005056378512397331,0.05263157894736842,0.2648375300998808,0.0008610297735308811,0.00010706638115631691,0.030401603766243603,0.021691974687620966,0.0019393374672091698,0.0005161290322580645,0.3335557142008488
2010-03-31,1.3508037328720093,1.5183724164962769,0.9155831933021545,0.7070136070251465,0.010692900298282253,0.9846396548142079,0.9490727242714772,0.13858669003371568,0.16836434454176988,0.08093692618354052,0.13718174033398356,0.5616399716200887,0.02232142895156024,0.6598047125896686,0.350557374243105,0.005091649852734035,0.053208469017358255,0.272108847068071,0.000883704508284568,0.00010985389432055367,0.031074236586385865,0.022222222222222223,0.001945752413218718,0.0005220432640806067,0.33092858109939854
2010-04-30,1.3298048973083496,1.5300110578536987,0.9248127341270447,0.7274843454360962,0.010657571997073461,0.9823182646781121,0.9297136239611996,0.13804146328090047,0.16940539059450602,0.08128891856130671,0.13550135291234428,0.5784693560691815,0.022598870056497175,0.6720429948160784,0.33881078118901203,0.004947066404568367,0.05195074920580815,0.2684780000978075,0.0009026085187865866,0.00011075791402611616,0.031099363643697416,0.02249718746537701,0.0019628626717946612,0.0005117707267144319,0.3233629779309585
2010-05-31,1.2287880182266235,1.4522007703781128,0.8465966582298279,0.6811988949775696,0.01096611441196688,0.9586808556692182,0.8648275052947257,0.1278494429228666,0.15477240474456322,0.07747859979680428,0.13060286634142246,0.5511463973419691,0.021571249042993065,0.6362132613092211,0.3018867924528302,0.004476877028516592,0.04828678382673462,0.2577984050724952,0.0008333333333333334,0.00010770523685159922,0.0308356457166114,0.02165205088806827,0.0019287520136293452,0.0005178127719986676,0.29353921113380577
2010-06-30,1.223002314567566,1.4944332838058472,0.8413259983062744,0.6854949593544006,0.01130837947019062,0.9410878829132794,0.9278158907813772,0.12845875550802796,0.15336953381820043,0.0773413155685672,0.13041720780391847,0.5583784714239176,0.021551723429195684,0.6324310635644407,0.2949591450714767,0.004311645891344102,0.04775914048705054,0.2574002580321133,0.0008148631354206641,0.00011056076658344018,0.030892802996511384,0.021561017183491786,0.001864315092918766,0.0005221932114882506,0.2825736891895843
2010-07-31,1.3039000034332275,1.5687997341156006,0.9044044613838196,0.726374626159668,0.011568717859278805,0.9716284890754735,0.9607994078019549,0.1387328175122239,0.1647175067802614,0.07915775907604188,0.13721750014640052,0.5686664835875889,0.0215703189567412,0.6645401549863398,0.3254784434659933,0.004605535750527483,0.0527426185805543,0.26543504618924857,0.0008445232840285822,0.0001120624012477448,0.031130341680390534,0.02200219985068545,0.001955531238728303,0.0005434782608695652,0.3085181770530602
2010-08-31,1.266592264175415,1.54659903049469,0.8918219804763794,0.7035812139511108,0.011829839911954914,0.9434050833792462,0.9754764754872901,0.1351150475683889,0.1587301539245438,0.0757116888353101,0.13632336340290457,0.5698005713487299,0.021334243094350704,0.6565125899156707,0.3173797141262252,0.004440891875504323,0.05100999772137805,0.2621919319625619,0.0008381527285749,0.00011213276519398969,0.032112005908303334,0.022175406872833165,0.0020399421012038633,0.000547645125958379,0.3003183473119697
2010-09-30,1.3628062009811401,1.57957923412323,0.9693679809570312,0.7363770008087158,0.01193801797679413,0.9691800439172648,1.0238558327999103,0.14896691085903566,0.17084379475465286,0.07940289113104079,0.14380212835038275,0.5870266985416509,0.022376371240305875,0.6894174368219536,0.3428543869551481,0.004919807276519278,0.05548927782486366,0.27322403730846795,0.0008778090263884909,0.00011195951788744635,0.03305238895186477,0.02284148076479367,0.0020588840330803752,0.0005672149744753262,0.3202767283591207
2010-10-31,1.377808928489685,1.5774115324020386,0.9727626442909241,0.7468817830085754,0.012243048880843429,0.9727247480091491,1.0103255179093655,0.14758622524248094,0.1694886460939982,0.08102414514518189,0.1415628513079473,0.5836008092456595,0.02251238273798748,0.6996432061586826,0.348116679190987,0.0050150452889137775,0.055897151152426695,0.27404768959716796,0.0008830801646418454,0.00011205988725505914,0.03354916719629022,0.023282886664413673,0.002044153669351906,0.0005455537370430987,0.327546678266112
2010-11-30,1.3103927373886108,1.5556211471557617,0.9607070684432983,0.7443799376487732,0.0118688730040006,0.9810654524853962,0.9989012644330354,0.1428346961127736,0.16231922107281746,0.08013141669718343,0.14044154917565715,0.5824111797067882,0.021834061499084432,0.6654688355401239,0.3209036677839589,0.0046159527456487905,0.052667616038163445,0.2718868970256018,0.0008598452278589854,0.00011092069484449493,0.03335000765865502,0.022598870056497175,0.0020546537393030155,0.0005149330587023687,0.3052782525316825
2010-12-31,1.3301233053207397,1.5437101125717163,1.0157749652862549,0.7714858651161194,0.012272949911641165,1.0004001668405333,1.0700909817564497,0.14820303941908053,0.1703345364994688,0.08109247661751719,0.1510026620480626,0.6016847386138986,0.02231644653767071,0.6442053824880376,0.33604408476285935,0.00476735329036925,0.05295488025792233,0.2823263648739838,0.0008872327403610643,0.00011253657438667567,0.03347952785058555,0.022862367664066643,0.0021381226724393196,0.0005221932114882506,0.30747470793302756
2011-01-31,1.3572757244110107,1.5829297304153442,0.9873617887496948,0.7694675326347351,0.01218190059471713,0.9977052539384974,1.0617965617144771,0.15306668815429988,0.17154423941881064,0.0825627445158414,0.1396472487823536,0.6118827656905408,0.021815959961242186,0.6211180069036246,0.34472061736845183,0.004983305970621945,0.05605381117975713,0.2688894791121546,0.0008949346502156877,0.00011191190784229252,0.03237293686496836,0.02273502298791959,0.0020904321136509148,0.0005357908202524483,0.3203998642715266
2011-02-28,1.373437762260437,1.610046625137329,1.01449716091156,0.7521058917045593,0.01225159858628786,1.0229132795078666,1.077586237903725,0.15552825417986188,0.17701621585668414,0.082651458954603,0.14306356084566607,0.6024096506672237,0.022099447513812154,0.6286935693236563,0.3456977961425922,0.005045153958566704,0.05618924258425418,0.274649819031722,0.0008872327403610643,0.00011310361738283311,0.0326530612244898,0.022872826442796645,0.002107481559536354,0.0005246589716684155,0.32631749698232654
2011-03-31,1.4121301174163818,1.6074068546295166,1.0319172143936157,0.7620790004730225,0.012026457987361171,1.0293360999541998,1.0886130798905314,0.15828043675592549,0.17940115836672088,0.08409721783899529,0.14658457872849157,0.6140620260177113,0.022416498236226302,0.6447037521221497,0.35207547467565486,0.0053140612122507536,0.057623931657749754,0.2857142857142857,0.0009104980019503685,0.00011494252873563218,0.03308519395794872,0.02304147384427422,0.002075334621424017,0.0005347593582887701,0.34378439182809795
2011-04-30,1.4844063520431519,1.665001630783081,1.093900442123413,0.8041170835494995,0.012265423954034606,1.0524099953888262,1.1456065866784952,0.16667778036258413,0.19118996322708914,0.08703977475058292,0.15156107797573884,0.6303977748601491,0.022573363819912186,0.6564264365428053,0.37704547401581767,0.005629046070120859,0.06161809072393218,0.29489825728043223,0.0009356286997707755,0.00011691394231872545,0.033595376432217515,0.023169601564768317,0.0022069696813768343,0.0005659309564233164,0.36289737583822007
2011-05-31,1.4322338104248047,1.6487774848937988,1.070297122001648,0.8188666701316833,0.012363996463386876,1.0238977602090025,1.1755024986025455,0.16126951511917084,0.1847540909229062,0.08648274874627661,0.1444293597752823,0.6277463690370756,0.02218130993808045,0.6248828522687496,0.36024353927623953,0.005344164312176957,0.05854869614217463,0.29063852828101505,0.0009299729885531132,0.00011703503176232471,0.03312245372811131,0.02314654122363991,0.0021881358802465713,0.000555247084952804,0.3459968288397564
2011-06-30,1.4478904008865356,1.6075878143310547,1.0692671537399292,0.8261731863021851,0.012390038549664466,1.033698558108582,1.2003360640144283,0.15815027213901856,0.18644541399306103,0.08538834794520525,0.14753614901295128,0.6370644061278299,0.02234137706656076,0.6171696391614458,0.3632664939096213,0.005462391216432249,0.05963029056072864,0.2929115377690921,0.0009355411892222274,0.00011605034000823006,0.03259558564970588,0.02302025855463891,0.0021287919105907396,0.0005657708628005657,0.34177518233614845
2011-07-31,1.4331985712051392,1.6368486881256104,1.1000010967254639,0.8706251382827759,0.01286504511530809,1.0530749996673288,1.2480499517062886,0.15823285797249814,0.1852160604687932,0.08530240010621148,0.14893363928444028,0.6398771232056344,0.022722109478261903,0.5979073192507427,0.3581533673369359,0.005339883468711254,0.059357748724056573,0.2917152881533368,0.0009532888465204957,0.00011771630370806356,0.03377351566252844,0.023724791549201447,0.0021929824561403508,0.0005630630630630631,0.3374388366042308
2011-08-31,1.4433138370513916,1.6307626962661743,1.0676004886627197,0.8523696064949036,0.013037640277825717,1.021867948367493,1.220852121542534,0.15730195323062568,0.1865950141546573,0.08115565951395425,0.14144271226587685,0.6303182914232357,0.021767523506598704,0.5776673914071937,0.3478140014924899,0.00530616557558691,0.06007809987974938,0.2801905291108817,0.0009330098473995882,0.00011719276183626867,0.033352233152649534,0.023584904811610644,0.002150537634408602,0.000561955605507165,0.34218450615357177
2011-09-30,1.3585848808288574,1.5599408149719238,0.9764671921730042,0.7691715955734253,0.0130267701159501,0.964041269651921,1.1140447917665468,0.14694428832794074,0.17249706151126742,0.07202016445919283,0.12536040746531976,0.5471357387254866,0.02046663912214807,0.540569758409639,0.3068614185802901,0.0046377888073715475,0.05534953402606819,0.26845638271194516,0.0008496176720475786,0.00011169939946301386,0.0319938566483755,0.022935780619202383,0.0019508389536244716,0.0005186721991701245,0.3140703502536642
2011-10-31,1.4140071868896484,1.6111880540847778,1.0673953294754028,0.8196049332618713,0.013203063483031244,1.0063399138170965,1.1596892318949763,0.15669315189227823,0.18417224134457597,0.07491254050056383,0.129785854627109,0.5927330737263964,0.0205642846485337,0.5741516733343879,0.3267012998949631,0.00467267896672021,0.05733024342893222,0.2798611898362904,0.0009057971014492754,0.00011595278140035857,0.032778288285235525,0.023512815158762447,0.002084114844598989,0.0005465974309920743,0.32827785038831264
2011-11-30,1.3324095010757446,1.5597946643829346,1.0018032789230347,0.7634170055389404,0.01282709096643859,0.9688795975999215,1.0855523557289277,0.145192667505543,0.17109225307678588,0.07339072489662701,0.12029352015392783,0.5430355558933277,0.019266709098739825,0.5405405335743294,0.2944987561243262,0.004317919755714955,0.0521403595310741,0.2642357063663275,0.0008769621653771654,0.00010964311167150923,0.03199897659523096,0.022974245644871993,0.001947647232870446,0.000513083632632119,0.3065697954887658
2011-12-31,1.2956053018569946,1.5415922403335571,1.0140959024429321,0.7720815539360046,0.012876808148605156,0.980103861513931,1.0636147817791954,0.1451210309558714,0.16681680682001404,0.07182721071007543,0.12263919124116719,0.5361355227824465,0.018867924528301886,0.5220841522722209,0.29377202911648337,0.004198699131071219,0.050651377322947264,0.2627568475021929,0.0008655011068630793,0.00011293310092348175,0.03150499431388838,0.022883294794998434,0.0019254838683140146,0.0005165289256198347,0.3002461997878385
2012-01-31,1.3139568567276,1.570845127105713,1.05860435962677,0.8194034695625305,0.013095861603024101,0.9976057057768815,1.0951702939486174,0.14822500522319215,0.17194243813923393,0.07664009612756198,0.12774328931879753,0.5726393003876162,0.019050159057753133,0.5598790567349042,0.3091668020494047,0.004501868176375194,0.05206977370333812,0.2672653384147025,0.0008883361849300793,0.00011020498126515319,0.032718231480139776,0.02287596614227161,0.0020410245434945395,0.000552791597567717,0.3009872297088027
2012-02-29,1.3477997779846191,1.5922045707702637,1.0799602270126343,0.8401949405670166,0.01242544679782058,1.0063399138170965,1.1184431141636593,0.15281407081679213,0.17991759050412823,0.0778088999064209,0.1336666109391021,0.5890322118564686,0.020379880651940987,0.5712653645829432,0.32688284001164347,0.0046559270215267,0.05413891850207618,0.2647043194417605,0.0008892050699885365,0.0001110494169905608,0.033034918008141026,0.023394549654651417,0.00209995794700913,0.0005659309564233164,0.3100679009835847
2012-03-31,1.3313806056976318,1.595914363861084,1.0374951362609863,0.8175278306007385,0.01215465545318591,1.0036130081693777,1.104484232517106,0.15021330605766284,0.17441961235909173,0.07813904104673837,0.1297016854801911,0.5492091548913554,0.019478748210444253,0.5606009623754286,0.32037933096597754,0.0045063313212442965,0.05385899878318817,0.2686727649810883,0.0008787346221441124,0.0001092896174863388,0.03237712913212302,0.023303505526608606,0.0020508613361003604,0.0005586592178770949,0.3037021241315991
2012-04-30,1.3241524696350098,1.6281341314315796,1.0456314086914062,0.8235875368118286,0.012445550951965199,1.0194719243525963,1.102414260747678,0.14889372243677837,0.17443178410819543,0.07714620489518073,0.12912389170535485,0.5302226830749043,0.01903384282369219,0.5684725271746497,0.3179953521759344,0.004626630900452815,0.05337204413601581,0.26734393988473554,0.0008836264408817021,0.00010882635978483413,0.03251715252382108,0.02375014869663829,0.0020669698743934805,0.0005675368898978433,0.30175925702096995
2012-05-31,1.2374706268310547,1.5482993125915527,0.9704968333244324,0.7518796920776367,0.012661112296566308,0.9707795472916948,1.0302162585031507,0.13789679689024165,0.164325041305516,0.06971361449097725,0.11719894154169426,0.49630255364299786,0.01778473338198608,0.539083552408516,0.2818807056292013,0.004108800969420229,0.04811393287682019,0.25846472236898715,0.0008476731723237193,0.00010626992561105207,0.031406049196309016,0.023025558207993492,0.001929942975744961,0.0005582226115728024,0.27668639481065244
2012-06-30,1.2440905570983887,1.5518311262130737,1.0033713579177856,0.7870917320251465,0.012608272986348028,0.9676794495378132,1.0360868792467004,0.1420878392871976,0.16500560994147723,0.07484637974992914,0.11915116431282999,0.48150999037853426,0.017606253637270634,0.5474352741252471,0.29018226262524793,0.004289323566290849,0.048357771953436754,0.2539102154042591,0.0008642295576003409,0.00010621010703261304,0.03137254901960784,0.02366135836184375,0.0019696670788974047,0.0005614823133071309,0.2798298592312309
2012-07-31,1.2259409427642822,1.5713387727737427,1.0498688220977783,0.809192419052124,0.012803933708539753,0.998651774960586,1.0208248136396552,0.1473470219123639,0.16553851569995734,0.07497263714958463,0.12213740458015267,0.49012402721405135,0.018043050609730035,0.5553087621940785,0.29804660033703684,0.0044026681232948615,0.04867127533449851,0.24778849730299937,0.0008798170169627905,0.00010610980022446782,0.031686682072198095,0.023951522434359995,0.002072538860103627,0.0005580357142857143,0.2686222279606121
2012-08-31,1.2510946989059448,1.5790305137634277,1.0280978679656982,0.7980208992958069,0.012733987209275665,1.0074551441431352,1.0418837203929858,0.14964682839864024,0.1719601743846617,0.07583225746356627,0.11773570838692436,0.48887801535972764,0.01797655910017359,0.5474951919791633,0.2981425727611695,0.004402183412038752,0.05041084868601399,0.24855217297313698,0.0008821453965567685,0.00010509942621255641,0.031880638298674484,0.02371185336684818,0.0020805159943794067,0.0005497526113249038,0.28026905215319436
2012-09-30,1.2913223505020142,1.6232975721359253,1.0437650680541992,0.8306337594985962,0.012884937406721534,1.0196798038778088,1.0669853653746624,0.1532823096895392,0.17520529364016627,0.07774840334445904,0.12156280997139278,0.4933399232685012,0.018865077175871808,0.5594217859919948,0.3132910558002337,0.00455360958814972,0.05146680310311776,0.25624600179212575,0.0008965393384542161,0.00010475482562720417,0.03243488762257473,0.02397851607502909,0.0021251727254107955,0.0005564830272676684,0.2859512073336192
2012-10-31,1.2962603569030762,1.6074585914611816,1.0366023778915405,0.8222332000732422,0.012549571102666985,1.0004902500120014,1.0726621595019208,0.1506995523821918,0.17452920476708988,0.07642630410741386,0.11583190887533988,0.4928536118181349,0.018532932959088897,0.5566286092473013,0.3140437305271809,0.004574125952902193,0.05186076386728524,0.25744664461280997,0.0009171787170649206,0.0001043155357514503,0.032574351587503214,0.02434867317824751,0.0020855057351407717,0.0005467468562055768,0.2859921137628809
2012-11-30,1.2973533868789673,1.6041065454483032,1.0429377555847168,0.8227744102478027,0.012172706213102598,1.007049374916528,1.0778184956977435,0.15000600123572524,0.17585509315996747,0.07716882970268714,0.1139328530499847,0.47719032859693117,0.018235529690786092,0.5601989964696932,0.31748046868347274,0.004641879190447657,0.05160677630298035,0.26212319397147854,0.000924129029259536,0.0001044779195507776,0.032589213537706295,0.024530246490873306,0.0020870291406411665,0.0005521811154058532,0.2877946319007039
2012-12-31,1.3227688074111938,1.616292119026184,1.039198637008667,0.822638988494873,0.011633317946144958,1.0056315119151744,1.0957703495558422,0.15381302503134714,0.17934968430072804,0.0778979985342717,0.11805121644171575,0.4889736506138949,0.018263839974026645,0.5590715073809351,0.3250763920654868,0.004551868491451772,0.0527426185805543,0.268449166235818,0.0009632983561487586,0.0001040317483764596,0.033447052512308804,0.024406911964772054,0.0020868112990948024,0.0005662514156285391,0.29776970751464726
2013-01-31,1.3568336963653564,1.579778790473938,1.0418837070465088,0.8361204266548157,0.010986475199083343,0.997804821969337,1.0976948247466443,0.15752000216320805,0.18281536350204564,0.07883202635272267,0.11088072995578205,0.5029422205759806,0.018760669637048772,0.5655085166299565,0.32347804546118153,0.004617444549941479,0.05301664859967318,0.26834831364202116,0.0009213193085561571,0.00010352288164028771,0.03361909469778897,0.024661520759285536,0.0021217908463839743,0.0005633802816901409,0.3096166958852089
2013-02-28,1.3150973320007324,1.5167601108551025,1.0232272148132324,0.8263097405433655,0.01083388389100355,0.9770872865440908,1.0769943123595078,0.15565413678594758,0.17602380387820238,0.07823318184975497,0.11322566750520655,0.5064829710161554,0.01856734316663635,0.5568021852038885,0.3167112741117115,0.004460900246099622,0.05140462958160498,0.2698618290480378,0.0009225943144900127,0.00010354861298958699,0.03356718430758719,0.024609327951419707,0.00211864406779661,0.0005512679162072767,0.30114133195481774
2013-03-31,1.2815911769866943,1.5197569131851196,1.0418294668197632,0.837520956993103,0.010616838030364001,0.9843488378942611,1.0534743264070658,0.15344718967610135,0.17126513293808826,0.08129222082468139,0.10836854582122522,0.4952456205996855,0.018386408601571327,0.5528771750577668,0.307052703160049,0.004213719741858229,0.049758670146088646,0.2752394636172467,0.0008992805755395684,0.00010321409081993314,0.03414251135608003,0.024568214179375217,0.0021197668256491787,0.0005470459518599562,0.2904022035180016
2013-04-30,1.3095861673355103,1.549426794052124,1.0344042778015137,0.8550662994384766,0.010218262243680045,0.9884352735527301,1.0671219797519758,0.15296133042934526,0.17214963603292885,0.08240898141708025,0.11133130378565886,0.4985790220190963,0.01844065774474352,0.5575348113315456,0.3167363388280412,0.004375601773769183,0.0510073972634192,0.27915805536912347,0.0009064539922592901,0.00010318320177475107,0.03420323619731159,0.02437003436983264,0.0021211156519407677,0.0005480953685941354,0.3033980579012828
2013-05-31,1.3043931722640991,1.5229045152664185,0.9669309854507446,0.8090615272521973,0.00989119698410256,0.9706852995113137,1.0485477547448565,0.15228812480534204,0.17158839573778153,0.07815125348953408,0.09977450787661933,0.4744507985274314,0.017737415822312967,0.5343564443156283,0.3049896293590214,0.004439708646829835,0.050735669530689635,0.27213847249767703,0.0008868393239192539,0.00010226830909837403,0.0332203848190962,0.023710729533843535,0.0020232675771370764,0.0005254860746190226,0.2996703721930623
2013-06-30,1.3035939931869507,1.5258322954177856,0.9281604290008545,0.7799704074859619,0.010154758733834719,0.9543806571938623,1.058324224431236,0.1484102290758513,0.1655895048656256,0.07730783281337723,0.10068536945491634,0.4553941512259356,0.016614607638787436,0.5214661511065558,0.30190958729560946,0.004408996004145543,0.05000975322202101,0.2763423307845445,0.0008716876242702862,0.00010103867561187847,0.03214090483223786,0.02314386214965359,0.0019831432821021317,0.0005186721991701245,0.29253451486206855
2013-07-31,1.3264886140823364,1.5242043733596802,0.9072763323783875,0.7992966771125793,0.010202416052801738,0.970760673803501,1.0757083220807626,0.15266499400085345,0.16855163715914068,0.07849293704596605,0.10210624511902282,0.43871192052044994,0.016445204941490994,0.5201695897834886,0.3139549915188145,0.004438329460901715,0.05144218013868415,0.28033191727185297,0.0008982304465472841,9.761811792268645e-05,0.032018442263161466,0.02310055594172411,0.0019440123494143876,0.0005277044854881266,0.3024163070896487
2013-08-31,1.3236267566680908,1.550652027130127,0.8926180005073547,0.7760962843894958,0.010173767975652876,0.948856624672511,1.073767869313438,0.15170133337036978,0.1642009213219839,0.07481563581260872,0.09678948948790948,0.42443018761004636,0.014838997018207524,0.4928584765572535,0.30975672566117446,0.00441598592835734,0.05148933081881302,0.27738482238308143,0.0008995232921849742,9.167583425009168e-05,0.031143914911189993,0.022513902427503403,0.001959631636138124,0.00051440329218107,0.2984451097898128
2013-09-30,1.349545955657959,1.6168932914733887,0.9301460981369019,0.8267879486083984,0.010222126452177642,0.9697439393373642,1.104728231267074,0.15531809647583825,0.1666452779671417,0.07639395939152123,0.09881911005163006,0.44990324670588283,0.015895724088785486,0.4906482369118775,0.3198249981013197,0.004520530039320803,0.05257374581721807,0.2818489212466765,0.0009295407646516707,8.656509695290859e-05,0.032562684135852414,0.023070711081728246,0.0019874789071461963,0.0005243151133831433,0.3033980579012828
2013-10-31,1.3724011182785034,1.602615475654602,0.9470324516296387,0.825218677520752,0.010151562443122455,0.9543806571938623,1.1108025330765219,0.15631838666668754,0.16939391019316372,0.07683383427414069,0.10061576993983738,0.4584842738393449,0.016307893101382486,0.50178384147029,0.3282627689970851,0.004672744266858075,0.053392850632449376,0.2845355036785115,0.0009450009886057706,8.971023593792052e-05,0.03216882151982048,0.023204547434137055,0.0019673421680413286,0.0005303632988597189,0.31011597600376134
2013-11-30,1.360396146774292,1.6340937614440918,0.9084302186965942,0.8114906549453735,0.009775935574532,0.9447330669322118,1.1038868000604278,0.15281430465568194,0.16433529116112608,0.07634071628392902,0.09811328310783884,0.431984117649361,0.016022303508063256,0.4967709857500781,0.32424580627261157,0.004542048147955888,0.04972724791179666,0.2840667060023807,0.0009433072568908238,0.0001040317483764596,0.031158470270109647,0.02293104573385312,0.0018935808487597068,0.0005177323323841574,0.30673906763640085
2013-12-31,1.3810056447982788,1.6495118141174316,0.8919811248779297,0.8217602372169495,0.009529799855444733,0.9394081955744628,1.1271415716465703,0.1559819115748561,0.1647500768503011,0.07676181586918128,0.09600862870518606,0.4238545514222907,0.01618646843248418,0.4715735619988278,0.3333333333333333,0.00466309169610924,0.05048465122665682,0.287976954725051,0.0009484965889089348,8.185315543914218e-05,0.030475726339268223,0.0225774407146675,0.0019025876074008615,0.0005184033177812338,0.3091954733053313
2014-01-31,1.3558770418167114,1.6498383283615112,0.8795848488807678,0.8175946474075317,0.009731602099297356,0.8963866843865096,1.1080700833911568,0.15356265158361632,0.16026667909783354,0.07493364368930082,0.08945552365097453,0.41514448980173585,0.016048787962772326,0.44174487743679314,0.3209716425195228,0.004387023044455827,0.04913063124607241,0.28678768357372,0.0009265264104136501,8.23519723297373e-05,0.030315891534277113,0.022111664648750088,0.0018251504935949292,0.000496031746031746,0.3004988248510421
2014-02-28,1.3707455396652222,1.6691983938217163,0.8961697816848755,0.8366100788116455,0.009793360043312186,0.8990379983214458,1.125745804542259,0.15352021521432452,0.1656372286327073,0.07550372310424325,0.09345270646515737,0.43122035253666985,0.016123830903242438,0.45231062321276655,0.32963266147843284,0.004425385897755867,0.05015900471847937,0.28576328183449184,0.0009357163335728212,8.61994655633135e-05,0.030715361500485903,0.02238689087944962,0.0017814198690508523,0.0004895960832313342,0.3056795279379147
2014-03-31,1.3752131462097168,1.6643919944763184,0.9260116219520569,0.8669267892837524,0.009719211972059341,0.90497735994473,1.1276499887249896,0.15388948204569386,0.16665277331994274,0.07664179905209335,0.09443316111750326,0.44324277597815187,0.016711229903911575,0.45960527874398566,0.3301964581635826,0.0044601442999871715,0.050204581409362854,0.2863852397066683,0.0009376025073542053,8.845643520566122e-05,0.030775859386969355,0.022284122562674095,0.001819174054563008,0.0005078720162519045,0.3084896312631948
2014-04-30,1.3813681602478027,1.6824253797531128,0.9274716973304749,0.8562377095222473,0.009750009465703617,0.9130752852636433,1.1322463898933413,0.15249248609015936,0.16653344427346733,0.07648311975411055,0.09478942723854523,0.4477879129513853,0.016551359067208074,0.4714757075529228,0.32973916959235905,0.004483500852320791,0.05037098411188052,0.2886836038840479,0.0009714019825517611,8.684324793747286e-05,0.03102988063017608,0.022539782142839027,0.0017806268580347854,0.0005167958656330749,0.31038549022663675
2014-05-31,1.360451579093933,1.6724364757537842,0.9310986995697021,0.8495455384254456,0.009830908257956936,0.9227134962257065,1.113709785451156,0.1506053544545684,0.16764796638650087,0.07778668882468419,0.09604303002086598,0.44972119092636925,0.016977928252864812,0.4791130859100359,0.3288186630656551,0.004497272512919639,0.049557207605310294,0.2880101363430706,0.000981797495996916,8.6244070720138e-05,0.03051292333066977,0.022794621024556233,0.0018214936247723133,0.0005274261603375527,0.30972218663374623
2014-06-30,1.3644425868988037,1.7034034729003906,0.9417082667350769,0.8775778412818909,0.0098577525524511,0.9376025358589093,1.1223344899043042,0.1484516524755899,0.16322532911608956,0.077099101597707,0.09444279770720135,0.45624598339010797,0.016656118291581316,0.47092284644480703,0.32888245076667416,0.004414465322339292,0.04973392264115845,0.2921584612821274,0.0009868745801310656,8.319467554076539e-05,0.030818538665836514,0.022917383716421855,0.001816035513780433,0.0005327650506126798,0.3111678073718575
2014-07-31,1.3396027088165283,1.6910173892974854,0.9325748682022095,0.8490405678749084,0.009723843208963218,0.9168423692995922,1.1004732164128117,0.14532475233349898,0.1599457459421952,0.07562694593645879,0.09370297318493026,0.44569237766131536,0.016597510373443983,0.46918177898956265,0.32259105056998105,0.004305167363578334,0.04863600391583061,0.2921106655635889,0.0009769441420976704,8.649770781074301e-05,0.03130772363037219,0.02308828947309318,0.0017493220629615006,0.0005333333333333334,0.304571627164542
2014-08-31,1.3184958696365356,1.6589525938034058,0.9355412125587463,0.8377314805984497,0.009643573602071038,0.9212344525498708,1.0928483807526714,0.14358532660213214,0.16194830462762505,0.0764560504361908,0.09415840831112891,0.4469873012161671,0.016498927403561358,0.4635681617406264,0.3124443354535895,0.0041868683896994704,0.04741066551882544,0.2802721984851564,0.0009859988049338215,8.536064874093044e-05,0.03133322799039865,0.022914757424061825,0.0016837850797978883,0.000531632110579479,0.29957161649670033
2014-09-30,1.269083857536316,1.624220371246338,0.8716875910758972,0.7764578461647034,0.009141603488249309,0.8960894640100558,1.0516352727355924,0.13827050964450968,0.15525539549278208,0.07449277895115233,0.08873571392968495,0.40924902100561805,0.016246161473746183,0.438706184597613,0.30382208587357223,0.004078636225927171,0.04611674162238065,0.2719046460494386,0.0009503897038640441,8.242664029014178e-05,0.03089948496929312,0.0222533768139379,0.0016630633964760798,0.00050477008345035,0.2880599231099206
2014-10-31,1.2613362073898315,1.600102424621582,0.8824567198753357,0.7841907143592834,0.009156419322537301,0.8933356960782978,1.0459157133830104,0.13619154221553875,0.14920474016920882,0.07420252573176185,0.09200698447796292,0.41638909405700764,0.016277896600483895,0.4548473134884336,0.2995115045784663,0.004095507259282868,0.04551661498651703,0.2657023523279642,0.0009489466252274773,8.23045267489712e-05,0.030766392354596567,0.0223463687150838,0.001734906241575105,0.0004951720722951226,0.28560819479491256
2014-11-30,1.246199131011963,1.5724753141403198,0.8524422645568848,0.7859163880348206,0.008486083087890058,0.8819119491354094,1.0366561389680928,0.13438800728116176,0.14427682852294077,0.07182731403331381,0.09113859798405777,0.39569484270760563,0.016167364390390685,0.4533543629546618,0.2983685106173504,0.004059825684455971,0.04516222119141235,0.2574009214825145,0.0009098353400170838,8.213552361396303e-05,0.030515715167257068,0.02228660628046944,0.0016663890029717135,0.00047025628967787447,0.2821272304277658
2014-12-31,1.2162047624588013,1.5569047927856445,0.818397581577301,0.7835148572921753,0.00837114298303335,0.861712378215419,1.0115928604905569,0.12899430485597296,0.13483776598309666,0.06787871066856234,0.08652240380020772,0.3767755631416241,0.015778346208493693,0.4305278582863318,0.28452982886371,0.003867634094525931,0.04393209917871154,0.25693995422585664,0.000912991833671433,8.051529790660226e-05,0.03043584217955108,0.02239942606939307,0.0016516640182312095,0.0004210526315789474,0.2714883050680811
2015-01-31,1.13355553150177,1.5079090595245361,0.7782101631164551,0.7282790541648865,0.008456802573481827,0.7928956856292496,1.0840108232987542,0.12105951551764287,0.1279705146061622,0.06683701167341564,0.08664685681043686,0.38458581028896954,0.016182276794441983,0.4139946911052571,0.26937477662106873,0.003647771016874058,0.040858017749291244,0.2547796731657907,0.0009100836872609391,7.955449482895784e-05,0.030545544373327183,0.022785271346937187,0.0015941336194159714,0.0004205037462407725,0.25549963614956694
2015-02-28,1.1205360889434814,1.5418059825897217,0.780579149723053,0.7539203763008118,0.008376823083199047,0.7998080142238806,1.0497585530099658,0.11915825933594398,0.13071365667981583,0.06693328247155558,0.0867325234638517,0.3442340825640675,0.01619328260207391,0.39928605896763,0.27006589349113036,0.0037023871855462274,0.04076740585686215,0.25276333647285953,0.0009085374908683221,7.777864198491094e-05,0.030911902539963527,0.022751576004717926,0.0016168148746968471,0.00040096230954290296,0.2530748568803707
2015-03-31,1.0830246210098267,1.4809110164642334,0.7658140659332275,0.7501313090324402,0.008332430619444813,0.7890604342810057,1.0337412955383765,0.11642935010593915,0.1248798037129428,0.06552435714079055,0.08240422784386753,0.30998139433478744,0.015997696620707505,0.3842311390445815,0.2649518939339384,0.003620604252420025,0.03945707092087295,0.2527269210583875,0.0009045680687471732,7.641170627340109e-05,0.030731406633821665,0.022428061085460867,0.0015964239479961781,0.0003952725556744676,0.24605088789539664
2015-04-30,1.1114321947097778,1.542686104774475,0.7994883060455322,0.7605719566345215,0.008405480286958089,0.8320574819984398,1.063490389218399,0.11988525234731116,0.1329214524745493,0.06517774644306654,0.08471488981884043,0.3386730903843596,0.01576242834139261,0.3763997416544971,0.2775264590455158,0.0036804351647339553,0.04060171838335017,0.25929844268383495,0.000935479973625677,7.742934572202865e-05,0.03045252335395494,0.022659294858413552,0.0016431154126111114,0.0004178854993731718,0.25230225664823
2015-05-31,1.0960345268249512,1.531909704208374,0.7658140659332275,0.718339204788208,0.008076239722699666,0.8048225215771881,1.0604453661498086,0.1182648215909633,0.12834318327999858,0.06504631911352853,0.08245668349678127,0.3166160022163024,0.015667841567510936,0.3766038736746305,0.2647975528267236,0.0035469418288767264,0.03994615108158413,0.25868938116351087,0.0009033423667570009,7.59589821496392e-05,0.02964368191211157,0.02251238273798748,0.0016233766233766235,0.0003946329913180742,0.2468160739175275
2015-06-30,1.122296690940857,1.573192834854126,0.767283022403717,0.6839009523391724,0.008151952514279538,0.8056784496443286,1.0800302613154196,0.12148425036384705,0.12704494520743295,0.06364809410081686,0.08162272747582282,0.3210272863365795,0.015692674899957283,0.3699182481715774,0.26764159249626673,0.0035531805997727215,0.041107095962215415,0.26515704580069477,0.0008942784301832943,7.506380423359856e-05,0.029648077241710025,0.02224743533350403,0.0015755474724550855,0.000384172109104879,0.24955082322598823
2015-07-31,1.0939244031906128,1.5604275465011597,0.7294477820396423,0.6608075499534607,0.008059901241120992,0.7688995524060376,1.0327378039464516,0.11603082290044525,0.12259393949313974,0.06209274758347331,0.0787859384543462,0.296665478393228,0.015596245344817287,0.3587238191858517,0.26432649430223587,0.003544565709571907,0.0404694470680245,0.2646917073125787,0.0008541387149633174,7.411799584939223e-05,0.02849814749648127,0.02194522433697787,0.001488095238095238,0.0003473428273706148,0.24824982942199506
2015-08-31,1.1214030981063843,1.5418059825897217,0.7140816450119019,0.6462870836257935,0.008244770654574605,0.7554011363874794,1.0404744755553974,0.11852020642835942,0.12085527290162448,0.05972010529113107,0.07520691339918643,0.2794310732013711,0.015118758359050901,0.3426946017419945,0.2660919058222196,0.003575271923280914,0.04149257010370926,0.2540857036688552,0.0008491848002140377,7.189072609633358e-05,0.02799317000139889,0.02143806547105247,0.0014461315979754157,0.00032993501343502464,0.25277419763870324
2015-09-30,1.1255937814712524,1.5157945156097412,0.7003781795501709,0.6354047656059265,0.008343066868912032,0.745212017796022,1.0298661007151513,0.11936949243922786,0.11811716080218325,0.05912388197146066,0.07159026328287171,0.24664562156954273,0.015169903333994579,0.3291487491488386,0.2658612891613851,0.003589929441584547,0.04138353461204515,0.25470050508902575,0.0008374086984806327,6.811989100817439e-05,0.027474792362220692,0.02141786312728548,0.0014210600861916656,0.00032393909944930353,0.2549199509694522
2015-10-31,1.0993843078613281,1.532379150390625,0.7090187072753906,0.6706008911132812,0.008264462809917356,0.7599361837571519,1.0114291773877564,0.11741484793219838,0.11691544008197426,0.060682738681738894,0.07201342285105647,0.26009831053152516,0.015280239537153486,0.3407503308142059,0.2570945190305726,0.0035466654169058224,0.040598913894183165,0.25868938116351087,0.0008773007324154589,7.351860020585208e-05,0.02808594334662897,0.021326509128101263,0.001452643760219443,0.00034602076124567473,0.24793593809167952
2015-11-30,1.0583018064498901,1.5038950443267822,0.7183908224105835,0.6526989340782166,0.008141333429070856,0.7481110405980459,0.9706852995113137,0.11440586797919655,0.11488574709218242,0.06037480681174225,0.0695642482265222,0.26032176392265166,0.014947682768186041,0.34180439921066347,0.24819747370563808,0.0033989328338384674,0.03920477174045204,0.2577014049484054,0.0008659283514053948,7.332453438920662e-05,0.027862139040729716,0.021234579061715508,0.0014033118639637154,0.0003180661577608143,0.23816895982788572
2015-12-31,1.093398094177246,1.481920599937439,0.7284913063049316,0.684415876865387,0.008302200293369071,0.7208765870187855,1.012145773900875,0.11891596420418268,0.11386590771698625,0.05790468381529806,0.0643716061556036,0.2527358602155041,0.01504777627637798,0.3424552029781809,0.2568911067057745,0.003491522711146927,0.04047321160933834,0.2566412271285238,0.0008507452952497424,7.222824124232574e-05,0.02778086578880018,0.021373002446842867,0.001412130149719927,0.00031867431485022306,0.24149338728022038
2016-01-31,1.0936970710754395,1.4362038373947144,0.7086167335510254,0.6480041146278381,0.00840830738614301,0.7125399988991596,0.9863878233910538,0.11760236861032787,0.11608132964099317,0.055231989145080256,0.061854395455302656,0.2458814904286106,0.014685796865150655,0.33675588685950764,0.2454698469699488,0.003493193560106638,0.040484028017472695,0.25342375204796747,0.0008294418652073944,7.264802034144569e-05,0.02792750082830932,0.02099164510999986,0.0014072615175302148,0.0003066638136550149,0.24083617035081786
2016-02-29,1.0923947095870972,1.3861935138702393,0.7128092050552368,0.6591957807540894,0.008798169697168224,0.7381708294589067,1.0033109372879832,0.11683730250522917,0.11506010618120417,0.055131622268553615,0.06188103532422191,0.2522258945537648,0.014549686471084951,0.3346776120815447,0.25054744292275083,0.003510804606173929,0.040431812073756776,0.2560045938324333,0.0008057173672909632,7.4487895716946e-05,0.028377651040974304,0.021105506195531712,0.001443001443001443,0.0003032508401218038,0.24500795955290047
2016-03-31,1.1334655284881592,1.4374011754989624,0.7661073803901672,0.690321683883667,0.008899489382019435,0.7706178854723243,1.0363230986137342,0.12296342299728973,0.12035692395279274,0.057927658266945556,0.06707132981069666,0.2780790229512601,0.015067503269921345,0.3529814630837521,0.26540264687364545,0.003601553125821239,0.04190341947881439,0.26448168751552786,0.0008770160556459836,7.552870090634441e-05,0.028391346219245342,0.021862701427725877,0.0014990930322459632,0.00033344448149383126,0.25381355362962776
2016-04-30,1.135589361190796,1.4611338376998901,0.7634170055389404,0.6963788270950317,0.00925274837447568,0.7966222927916036,1.0349824116328132,0.12398579345215636,0.12293497978842179,0.05823429962127401,0.06999977636408727,0.2873810887623913,0.015051626278886406,0.3557313634108383,0.2584373302857109,0.0036485699394046556,0.04200321885171323,0.2664918478084763,0.0008818342151675485,7.593014426727411e-05,0.02860739110117896,0.02140777447881717,0.0015101177613499627,0.0003513086246267346,0.25396181076299823
2016-05-31,1.1148396730422974,1.4635074138641357,0.7195797562599182,0.6710057854652405,0.009021932039257299,0.7669888097055637,1.008776367674981,0.1201712232727226,0.12005738063514625,0.054155337134244266,0.06327623939121144,0.280316198348433,0.014895803134287362,0.33860771756512037,0.2537272487004378,0.0035528269412879302,0.041270638940475085,0.2605645877513452,0.0008344111483522315,7.336218912772357e-05,0.027994736463276666,0.02144542091129786,0.0014801000440669435,0.0003238341968911917,0.24764734362268695
2016-06-30,1.1128050088882446,1.3465837240219116,0.7469933032989502,0.7124029397964478,0.009729708704077805,0.7731381076834755,1.0211688492548492,0.11833535829936258,0.11928844848204648,0.05457636353207822,0.06769907864907096,0.30887076006376973,0.014833273919661398,0.34627716693816163,0.25194564951914544,0.0035141604536836056,0.041047871306380164,0.25982395074877956,0.0008679425238120011,7.610929294466855e-05,0.02847948137585063,0.02136523861723847,0.0015343070839212783,0.00034702941633481694,0.24585730571177625
2016-07-31,1.108438491821289,1.316187858581543,0.751258373260498,0.709069013595581,0.009546994832960003,0.7603464383278921,1.0208978016386485,0.11585605897634862,0.11691722603908576,0.05334172766649374,0.07075188178942797,0.30470155142435834,0.014923813087074628,0.3321861834344247,0.2542646561371305,0.0035566936512128285,0.0409990644210687,0.26155073753957586,0.0008901945268467217,7.658140603461479e-05,0.028728204037931082,0.021279765057574385,0.001532449649385734,0.0003298261922258614,0.24846571397970335
2016-08-31,1.1153244972229004,1.3090718984603882,0.7524454593658447,0.7241129279136658,0.009721196453578898,0.7641345537223809,1.0172008837656357,0.1172114395886171,0.11991845907085655,0.05320790202620897,0.0691108903882518,0.30894711251511203,0.014897223569055255,0.33746161491436827,0.25588667518828334,0.0036045129452483195,0.041266552453641164,0.26414775886178576,0.0008941504637368613,7.528419784687193e-05,0.02891008949374589,0.02154151008003863,0.001485663402571801,0.00034556637747136694,0.25032541736082076
2016-09-30,1.121956706047058,1.2963443994522095,0.7628347277641296,0.7245851755142212,0.00988152081273458,0.7603001971126638,1.0350895593587253,0.11665208204146484,0.12422359954114642,0.051629075939512145,0.07184888557676324,0.3068143472493132,0.014966408023251644,0.3336580841188593,0.2607765853774999,0.0036365621880100874,0.04152220415643371,0.2669656669100626,0.0009077540389902079,7.690532953933707e-05,0.02886585905011917,0.020752484991806083,0.0015468622601485457,0.00035351929057930644,0.25215593024576327
2016-10-31,1.0984665155410767,1.2215979099273682,0.7598206996917725,0.716589093208313,0.009563429222510248,0.7461573192656522,1.0127710615728747,0.11102846199189366,0.12108297260305134,0.05301664859967318,0.07258685077723565,0.3121975619241856,0.014974228771010099,0.3219253825829654,0.2535387674629246,0.0035498252224571945,0.040645218658528236,0.26022962079462436,0.0008720677095852718,7.655209369976269e-05,0.0285551109916764,0.020627062901037954,0.001536570403744565,0.0003403444342176777,0.24417640157807793
2016-11-30,1.0648492574691772,1.249219298362732,0.7484470009803772,0.7134703397750854,0.008891259795024552,0.7445351239696928,0.9884744083458523,0.10899015802375511,0.11727412722107082,0.04863304889351948,0.07208454281879287,0.289536166168736,0.014575559338424044,0.2933067413703159,0.2401813930977077,0.0034178801820630342,0.039356676638053666,0.26098280593924944,0.0008562670290471238,7.406310176270182e-05,0.028050489682983154,0.020170237158636025,0.001516070401779014,0.00032544137987145064,0.23584349943444397
2016-12-31,1.0575296878814697,1.2288031578063965,0.7234842777252197,0.6972042322158813,0.008600892899092534,0.741944322830293,0.9831875165332423,0.11030089396681536,0.11643232357867368,0.04826711298427025,0.0736686248150075,0.30747470793302756,0.014720386553900814,0.28428473478576893,0.2399370465467015,0.003402263219383265,0.03913480760655354,0.2607589138394135,0.0008296758187579656,7.42611020347542e-05,0.027872234961035393,0.020235132761410476,0.0015275337397184692,0.0003373022621074095,0.23353572742999587
2017-01-31,1.0708587169647217,1.25,0.7565441131591797,0.7295223474502563,0.00879894400856909,0.763224767596342,1.0056719599884743,0.1133713581888192,0.12041808517540893,0.048065139059306206,0.07402976847058877,0.31994881190043983,0.014744695781531198,0.26481718047725383,0.2470728059121639,0.0034503578293155323,0.03963543336135521,0.26541321063365436,0.0008552783789133789,7.49737591842855e-05,0.02841716507601698,0.020130850837616916,0.0015439246273788233,0.00034305317324185246,0.23820867339312238
2017-02-28,1.0584250688552856,1.2439358234405518,0.7676364183425903,0.7185301780700684,0.00886957271399167,0.7583283741516997,0.9906188533650258,0.11035457084760375,0.11945261970739932,0.049726257468593875,0.07697221970397389,0.3220300828311287,0.014994032564478104,0.27724639065441997,0.24544094594534496,0.0034437632866752173,0.039208767948256104,0.2730099673310035,0.0008818809211005082,7.496813854112003e-05,0.028702640517230902,0.01996047864214166,0.001547149435711616,0.0003426887243529366,0.23465365024460058
2017-03-31,1.0687072277069092,1.2478474378585815,0.7655209302902222,0.7003585696220398,0.008946464279122697,0.750046852177446,0.9995601920284298,0.11194786266076459,0.11681574773816096,0.05349999836730962,0.07444575126257516,0.3176922760547297,0.015434480411626966,0.27365022220235924,0.25383674820081886,0.0034605068911800056,0.0393609964213181,0.2754851247501175,0.000895239102715136,7.519362358072035e-05,0.029003161267573924,0.019971640611643682,0.0015092062131691138,0.0003512592765122286,0.2350065851983925
2017-04-30,1.0864251852035522,1.2893576622009277,0.746720016002655,0.688349723815918,0.008990703780208461,0.7337887777467826,1.0056618928762386,0.11315852462770468,0.11674209726645117,0.05316564392541997,0.0749681399561234,0.3143566797826494,0.015610365877478065,0.2806387420801746,0.2574758027733426,0.0034901820522756162,0.04024306662410204,0.2758293417481709,0.0008850027894008817,7.490075649764063e-05,0.02891008949374589,0.02006863530845429,0.0015094339622641509,0.0003401198706647691,0.23979090193834654
2017-05-31,1.117168664932251,1.2809016704559326,0.7459346652030945,0.7086418867111206,0.009022095364302412,0.742379458146524,1.0247581859576524,0.11453310471335376,0.1183530022857348,0.0536614573364762,0.07627660394761919,0.3071064360054953,0.015475420644134631,0.2814919063520011,0.26772256862781896,0.003630712807713935,0.042210655556226474,0.28233752061002027,0.0008897588560168803,7.508071176514753e-05,0.029313479700943106,0.02012315360178534,0.0014827994718250904,0.0003429355281207133,0.24463635464357772
2017-06-30,1.144164800643921,1.3011176586151123,0.7685213685035706,0.7309620976448059,0.008927853797675456,0.7696688764447105,1.0467916128469508,0.11826901006933772,0.11940155744825538,0.055206347264190686,0.07700304288681513,0.302782567918289,0.01543564733399101,0.28374992524536435,0.26977811361453574,0.003696461490943737,0.0435855202312355,0.28689794957391834,0.0008724937505185491,7.531254707034192e-05,0.02943773812379338,0.019834186491471142,0.0015044380647439108,0.0003287008396236022,0.2507019624344899
2017-07-31,1.1747292280197144,1.3144922256469727,0.7985944747924805,0.7520097494125366,0.009048954670793117,0.8024780501617659,1.031810751972912,0.123353842584848,0.12634238848004797,0.056149333443,0.07698821890294197,0.3146930127308632,0.015594907430817765,0.2831016621736366,0.276157654707857,0.003857563516829339,0.04508983040658404,0.2815886085858294,0.0008896401019176566,7.507507507507507e-05,0.030003901798295228,0.01978709160685806,0.0015309246498958283,0.0003352048939914523,0.2579380460991789
2017-08-31,1.1893434524536133,1.2920564413070679,0.7907013297080994,0.7203884720802307,0.009053050953180479,0.7919286530419118,1.0376673276553987,0.12545477049213768,0.12817226277015373,0.05593685765296248,0.07688463316259851,0.3165759262590057,0.01563081268312514,0.2894272185396647,0.2795849830418068,0.0038901424161573873,0.04564102956958732,0.27893303146374626,0.0008902103915328299,7.499625018749062e-05,0.030112319281744727,0.019599004827753216,0.0015837820103475563,0.0003391348071622026,0.25919494471773774
2017-09-30,1.178175449371338,1.343021035194397,0.7846275568008423,0.7222824096679688,0.008891496834568245,0.8040976484149027,1.0303117916582483,0.12322540659086513,0.1259398261447743,0.05516815254748431,0.07401869512486864,0.31437642476626976,0.015299877458104282,0.2810322852808317,0.2730256239475459,0.0037918285215907304,0.04529867526638313,0.2833158193262368,0.0008726460819341382,7.403020432336393e-05,0.029958954778256948,0.019704821556598518,0.0015738117116412694,0.00034261829469606637,0.25625913704727776
2017-10-31,1.1652703285217285,1.3212482929229736,0.7697636485099792,0.6882407069206238,0.00884987061979613,0.7797696239650419,1.0053080444220952,0.11978329305814454,0.12271158314555394,0.05216171117410412,0.07119414100768427,0.3042010058648372,0.015422007917851263,0.26474286487951887,0.274200976840457,0.0037473254219572137,0.04542728751296327,0.2839166831945555,0.0008901153086142343,7.367025195226167e-05,0.03011685469212724,0.01940654802207104,0.0016102540474537464,0.00032894195290813675,0.253749137971871
2017-11-30,1.18519926071167,1.3417235612869263,0.7566586136817932,0.688477635383606,0.008928412080222197,0.7774840334445904,1.0157956398303982,0.11949344377822166,0.1212079878886336,0.05362456341467107,0.07326635101184782,0.30818539571619546,0.015524381980431783,0.25277739675750005,0.2820954094014765,0.0037988580703127266,0.04655515077980552,0.28552338654389187,0.0009253603986188725,7.40521327014218e-05,0.030703101300885566,0.019945746935292278,0.0015532774447979284,0.0003389026388816147,0.25554534016931546
2017-12-31,1.1941723823547363,1.344085931777954,0.7794293165206909,0.7093405723571777,0.008859357696566999,0.795829880449173,1.0217635825297182,0.12127503856000696,0.12123518893166531,0.050876630323767345,0.0806744371125061,0.3020144357333364,0.01560987879334989,0.2647702060291899,0.2857959357775723,0.003854455714576425,0.046742079184838,0.2899105247795053,0.0009350251139618927,7.37571913261543e-05,0.030612869307207264,0.020100502512562814,0.0016276041019914905,0.00033534540576794097,0.2567459956740762
2018-01-31,1.2409565448760986,1.4155884981155396,0.8101101517677307,0.7339880466461182,0.009196924357416203,0.8106289446807105,1.069987929706837,0.1268156851590082,0.12956221154882158,0.053800756963088635,0.08360435339410667,0.3145148506387698,0.015681379145902497,0.26485015612965906,0.2984753951416794,0.003992637599660587,0.04905327262426981,0.292709207710214,0.0009323661248806089,7.4510096118024e-05,0.03185017741860037,0.019504963630204212,0.0016490764507574942,0.0003536067892503536,0.26723676442422806
2018-02-28,1.2230321168899536,1.3906078338623047,0.7793624997138977,0.7235209345817566,0.009308733236883441,0.783017919524324,1.0645545648098338,0.12157907539814407,0.12706480489725705,0.053120567907633955,0.08547520074211715,0.3078343747983974,0.015405945826247748,0.2621094506980299,0.2930995638905148,0.0038957496999839974,0.04817118057099637,0.28702228435797444,0.0009264491855853463,7.30246823426318e-05,0.03177629557734511,0.01918134080750793,0.0016906170752324597,0.00034904013961605586,0.26274303770452645
2018-03-31,1.2302846908569336,1.4029377698898315,0.768580436706543,0.7229194045066833,0.009391523539533613,0.775975798858118,1.0460251369504043,0.11969310560607123,0.1275754285998635,0.055045347569508025,0.0845231342437203,0.30270925353512296,0.015377518357241039,0.2534918479328374,0.2924951627428618,0.00394228489144099,0.04853002404619149,0.28535065958915884,0.0009416195856873823,7.269026677327906e-05,0.03202869758792668,0.019158189683208447,0.0016572753721232607,0.00035855145213338117,0.2642915672021932
2018-04-30,1.2122827768325806,1.37710702419281,0.7575184106826782,0.7084109783172607,0.009166070907955856,0.7788283234168663,1.0120330672435047,0.11534224464049432,0.12549633884834904,0.05365670690926508,0.08117739804149432,0.289176130454348,0.015012760709156855,0.24681241391761063,0.2881313003115563,0.0038754280734836417,0.04761519430813303,0.2788731283726725,0.0009366804260661057,7.209805335255949e-05,0.03173998551175435,0.019372336704608445,0.0016509823012157956,0.00035688793718772306,0.2598482407925974
2018-05-31,1.1667250394821167,1.328356385231018,0.7571169137954712,0.698460578918457,0.009198616698501428,0.7756086718377561,1.011551934748294,0.11348200545020465,0.12218814305079524,0.05056838896980102,0.07988560083559539,0.2686655368671244,0.014830194208426278,0.22378374559947875,0.2709366215101755,0.0036515009621294957,0.045150397841549735,0.28037042577787796,0.0009302065735354867,7.154611146884167e-05,0.03122073175495613,0.019022256149993,0.0015943877240708853,0.0003475842891901286,0.2512310266637788
2018-06-30,1.1562966108322144,1.3075141906738281,0.7346459031105042,0.6752604842185974,0.009050920473612726,0.7544208845402414,1.0024158167074282,0.11072566144415924,0.12209311938409446,0.050686036658550725,0.07263693702574237,0.25910092441794236,0.014535581022345772,0.21784119956256254,0.26513523919767573,0.003521870787496241,0.044610991419654134,0.27367043424513443,0.0008924268345079843,6.968641114982578e-05,0.030165911130330996,0.01874343937793952,0.0015408320493066256,0.00033961623365596876,0.2484533802197344
2018-07-31,1.1707408428192139,1.3135426044464111,0.7407297492027283,0.6823609471321106,0.009009495741261843,0.7675774903810424,1.0120637751827326,0.11424967754180843,0.12297627216681621,0.0539648500966665,0.07601516568437688,0.2682331438335949,0.014559220143335095,0.20480136000903132,0.274231812651396,0.0036411170655583306,0.04576323795019296,0.2732643563494632,0.0008955196796243365,6.942997986530584e-05,0.03006705054121356,0.018865432878218485,0.001567152543896819,0.0003484320557491289,0.2534404586492675
2018-08-31,1.1664663553237915,1.301100730895996,0.7261636853218079,0.6648715138435364,0.009009090127398976,0.7700660273660235,1.0324179493060206,0.1096693194573263,0.11980754487172895,0.05235645908048849,0.06803470641015667,0.24104516596946407,0.014004621764519089,0.1484979462813449,0.2713439154534492,0.0035674023817157566,0.045269966018686054,0.27721333417139016,0.0008964992099819584,6.779201410073893e-05,0.030515715167257068,0.018749765756672466,0.0014727540500736377,0.0003303710172991492,0.25128153881952486
2018-09-30,1.1637378931045532,1.3078734874725342,0.7205129861831665,0.661808967590332,0.008821687060154884,0.767082932315873,1.0235624370538865,0.11296958434946518,0.12261514171458854,0.05322942916704443,0.0709003660046398,0.249252238056311,0.013708019764682063,0.16650848051896702,0.27259542796882447,0.0035994527882687367,0.045333997636144964,0.27752414529883423,0.0008990298993288443,6.702952067805074e-05,0.030826141872172124,0.018508236583251198,0.001516530122801545,0.00033523298692591353,0.24989379985374469
2018-10-31,1.1346358060836792,1.2708903551101685,0.7099247574806213,0.6559011340141296,0.008845486879698355,0.7625438137753536,0.9950248803429337,0.10905957830440613,0.11895698901919953,0.049846473530850186,0.06851661402563139,0.2706652875826424,0.013577732237366257,0.18245179341376755,0.2619927155812965,0.003499023694652093,0.04386253469846013,0.26947785671280505,0.0008789663733130701,6.54745942589267e-05,0.030057108092604385,0.018723085617991315,0.001443001443001443,0.00031210986267166043,0.24345115112588867
2018-11-30,1.1392766237258911,1.2784454822540283,0.7321876883506775,0.686582088470459,0.008817486597887239,0.7532956766674057,1.0041169041086986,0.11032656505854775,0.11723205277732064,0.04944424639887133,0.07324343914526038,0.2596728074978958,0.014302059871107749,0.19341612025423568,0.26580757598082316,0.0035235958226549962,0.04393229060396425,0.26961082113942747,0.000895239102715136,6.965728615213152e-05,0.030385901082847784,0.01913546033423549,0.0014925373134328358,0.00030902348578491963,0.24478006698574087
2018-12-31,1.1439945697784424,1.269357681274414,0.7044734358787537,0.6707717776298523,0.009063717786674858,0.7341065805592073,1.016673423394762,0.1113573385432967,0.11484351965877793,0.0509025778284539,0.0693707362582794,0.25811779792613626,0.01430154801774862,0.189599336115911,0.26618044342549274,0.003559377560800964,0.0444717197751001,0.26577437834277035,0.000895816497589322,6.871435442864014e-05,0.030746527287038625,0.019042178646528105,0.0014419610670511895,0.0003081664098613251,0.24574250044615964
2019-01-31,1.1487650871276855,1.3117163181304932,0.7254682779312134,0.6899882555007935,0.009175911161005626,0.7609770789052812,1.0065425322189054,0.11071745412025968,0.11880012526075219,0.052341551867192575,0.07503057533725892,0.2716357862563938,0.014060741864187556,0.1912993300082927,0.2681108916789691,0.0036413954474555795,0.044600843513725175,0.2730710934050949,0.0009017132551848512,7.126060001425212e-05,0.03201536675074022,0.01922337545559856,0.0015073861368685268,0.00031635558367605187,0.2422187244025589
2019-02-28,1.1380189657211304,1.3318239450454712,0.7148473858833313,0.6853587031364441,0.009020223380458641,0.7607455455219431,0.9995002860784753,0.10795021163811452,0.11705626777764382,0.05217983954954123,0.07185663047461067,0.2682907249586767,0.014046916220055779,0.18834626185363834,0.26379655350946,0.0036016568412849588,0.044422136371539224,0.276583089323928,0.0008967805774316716,7.135212272565108e-05,0.03181774707473937,0.019286403653398582,0.0015415445987086742,0.00032583903551645487,0.24025755759748857
2019-03-31,1.1230024099349976,1.30565345287323,0.7083156108856201,0.6781821846961975,0.009038567483044583,0.7445739158838024,1.005196855356689,0.10769479791203293,0.11582386107887878,0.05169214047530054,0.0685654710613218,0.25656155725125657,0.014388489208633094,0.17947843256935436,0.261465252545969,0.0035068031531691095,0.04354566323689308,0.27586206896551724,0.0008815854850049218,7.024938531787847e-05,0.03145544300212868,0.019000569631487784,0.0014660607473867449,0.00031352876626430476,0.2358824412029425
2019-04-30,1.1185182332992554,1.2932428121566772,0.7055171132087708,0.6670224070549011,0.008954395108311891,0.743234732807519,0.9810654524853962,0.1051516987863355,0.11556698442620439,0.05263601218918516,0.06989341310492164,0.25353041506763374,0.01432422638117882,0.16809829759305814,0.26057952936435813,0.003464283195847766,0.04363001730677547,0.27675149754333217,0.0008629691025037059,7.046719751955464e-05,0.03134796275731344,0.01922337545559856,0.00147462172766552,0.0003077585895339689,0.2352609120282194
2019-05-31,1.1131147146224976,1.2609704732894897,0.6906077861785889,0.6506688594818115,0.009144361854744374,0.739377029217202,0.9931473302102211,0.10488722015097063,0.11395297305503654,0.05121628517817775,0.06770939104773027,0.25125628020293134,0.014289796399401292,0.16913319511709063,0.2595710345662415,0.003430178726673858,0.043131147851167395,0.2754062209979331,0.0008414816774863283,6.943962224845496e-05,0.03145643193459504,0.019173617551630617,0.0014091651814411982,0.000297441998810232,0.23442812012446929
2019-06-30,1.1372941732406616,1.267748475074768,0.7003781795501709,0.6701918840408325,0.009281000721183718,0.7636910698410776,1.0239082582200276,0.10789814823770899,0.11753643113071716,0.05215708765187754,0.0706319447185617,0.2620545083853864,0.014424811309354931,0.17325617534600393,0.26753132852462447,0.0035159269839992488,0.04473932665729591,0.28004144900597167,0.0008654187255399306,7.049948887870563e-05,0.03252455573312231,0.01958096741679336,0.0014702207170646197,0.0003128519680114973,0.24100450106777827
2019-07-31,1.1157974004745483,1.2161602973937988,0.6875215172767639,0.6617783308029175,0.009211326547120133,0.7605951071202609,1.0104071743345788,0.10455581010969936,0.11423649631283082,0.05247856017075391,0.07052787956365879,0.2639009867948333,0.014476493921113977,0.1799305417206977,0.25964584991081435,0.0034100131882010298,0.04352310994722152,0.2862950643141116,0.000846991046729774,7.109139312332399e-05,0.03250341206844657,0.0196656839726146,0.001430615164520744,0.00030339805825242716,0.23611636213954332
2019-08-31,1.1061947345733643,1.218650221824646,0.673582136631012,0.6317797899246216,0.009395140520686554,0.7529553689958899,1.0144045158770372,0.10232723174789178,0.10997881868130427,0.04969981308347428,0.06530953510517686,0.23991747528554344,0.013950854190732418,0.17144719228767555,0.2521177952748711,0.0033394555325936283,0.042754227937848624,0.2832620535847848,0.0008283905792818424,7.026913077085236e-05,0.03264559940572815,0.01921266506761452,0.0013872703550638205,0.0002910360884749709,0.23424689329816498
2019-09-30,1.0942714214324951,1.2293167114257812,0.6760868430137634,0.6286382675170898,0.00926406282644951,0.7555723248188689,1.0091835907910371,0.10222230887714714,0.11026817252873652,0.05081636621032661,0.06613012961701163,0.24055229648852366,0.014184658120000354,0.17643841996670376,0.24968167001476194,0.00326350513279004,0.042373240253931674,0.2873356896714485,0.0008320090285979744,7.063144511936714e-05,0.032680805568193715,0.01925632097786005,0.0013774294597053121,0.00029405711011211145,0.2305581907254163
2019-10-31,1.1154489517211914,1.290172815322876,0.6897883415222168,0.6409598588943481,0.009192105695750503,0.7595667415010842,1.011009904961351,0.10369023460081708,0.10900691553787453,0.052375434669615126,0.06679580648290881,0.25086547999666253,0.01408649147896876,0.175407816616181,0.2619638834573803,0.0033876486050658,0.04371393705249094,0.28351742153848897,0.000859328041556567,7.112375533428166e-05,0.03313157974393878,0.01965486128366314,0.0013481309576255384,0.0002952465308532625,0.23467568090180546
2019-11-30,1.101176142692566,1.29128897190094,0.6769000291824341,0.6420091986656189,0.009131419301311826,0.7530290435572567,1.0016427158908687,0.10472849071664452,0.10912384018142904,0.05130454804727563,0.06802397254430985,0.23877744788066502,0.013976748002556234,0.173671416791873,0.254900461716835,0.003278366075474254,0.04310660804976572,0.287715960829289,0.0008496104465578227,7.210501870646413e-05,0.0330906691833739,0.019704433497536946,0.0012071462705560785,0.00028483048865604864,0.2300278305823582
2019-12-31,1.120229721069336,1.3113033771514893,0.7001398801803589,0.6734777688980103,0.009185013638909946,0.76566163366732,1.0323859302691571,0.10701276212016668,0.1134278081894675,0.05286054910694076,0.07092907924087778,0.24902191471504792,0.014023082581076563,0.1681457934046085,0.26333807357737743,0.0033858133717102933,0.04411505348115538,0.2890507596715067,0.0008647900904683178,7.184424168402903e-05,0.03336670079783434,0.019703657425265697,0.001365747040874465,0.0003045985230094959,0.23441163813579688
2020-01-31,1.1029127836227417,1.3089004755020142,0.6708257794380188,0.6485421061515808,0.00918467637876307,0.7569277601452821,1.0315552735148013,0.10372582675906647,0.10881985045697393,0.05324586850132656,0.06784168444807333,0.23572675123739145,0.013958682419314678,0.16738782416469195,0.2568779065857766,0.0032745013000873386,0.04370056484460397,0.2898609576812251,0.0008423748265661082,7.329669119123372e-05,0.03213367522597515,0.019670013434292623,0.0012550200995482801,0.00029297590273200027,0.2312138830290285
2020-02-29,1.0997228622436523,1.2888922691345215,0.6580203175544739,0.6311696767807007,0.009119095081204417,0.7470380236879738,1.032258064516129,0.10350713209681958,0.1065313242890375,0.05139018382874748,0.06464123999605215,0.22297539038332295,0.013902405057101663,0.16111439752806814,0.2544477506908235,0.00324390967541005,0.043473725530647815,0.2893384508173391,0.0008255524610774991,6.985191394244202e-05,0.03159557700008708,0.01962708508391997,0.0012285012285012285,0.00028569387900864224,0.22925263700678317
2020-03-31,1.1030466556549072,1.2371643781661987,0.6168993711471558,0.6009796261787415,0.009256259231754212,0.7052832547892391,1.0416666899497316,0.0997325155701276,0.0949431346782802,0.04195862846964905,0.05580076786083185,0.1925780456186803,0.0132625992010992,0.15232199392688217,0.24287170516932965,0.003076355157542093,0.04042592614153809,0.28039085550849885,0.000817862141109573,6.1173446494651e-05,0.030637255474862034,0.01946282559773179,0.001163873354041622,0.00024621141878789085,0.22854529854712613
2020-04-30,1.087725043296814,1.2471472024917603,0.6555013060569763,0.6142000555992126,0.00937998306232917,0.7207571078529508,1.0267994448487519,0.10161795851186659,0.09703932588792877,0.04211944973370869,0.05511190664125763,0.1874484598788368,0.013287535778072849,0.14386418778122484,0.23921156472718968,0.0030696504703446826,0.04016306131805728,0.2859528449257309,0.0008259070257749129,6.563989798123981e-05,0.03086134011564526,0.019847177400274453,0.001198897049838086,0.00025516713447307985,0.22497693804871702
2020-05-31,1.1079105138778687,1.2321492433547974,0.6633498668670654,0.6199781894683838,0.009289967958711128,0.7260054962283424,1.0373444127075127,0.10509169174335833,0.10229132545609015,0.04504727666526014,0.05721707375605674,0.18506180325023333,0.013164823750036284,0.14682024197050547,0.24866342720161752,0.0031693713071112867,0.04107771332223904,0.28470399819931325,0.0008077675049489564,6.745362563237774e-05,0.03139224656632334,0.01974918600075744,0.001237470647459084,0.0002703974294288125,0.22897442179687238
2020-06-30,1.1247202157974243,1.2310571670532227,0.6871907711029053,0.6427395939826965,0.009294544418976097,0.7322467049104285,1.0514694467669814,0.1072598890081261,0.1034591529751502,0.04337158552624885,0.05807470685060181,0.18511319376557117,0.013210040162666357,0.1459960542848755,0.25254437781465117,0.0031585696830518754,0.042024928093886624,0.2903659557370084,0.0008343832724080085,6.910754422899702e-05,0.032388663967611336,0.02012679827634193,0.001218026796589525,0.0002671118530884808,0.2324986751751097
2020-07-31,1.1872254610061646,1.311785101890564,0.7203676700592041,0.6696891784667969,0.009552649549850922,0.7455564925193788,1.1007154459874002,0.11519277654671484,0.11049845787579293,0.04546405265938277,0.059790376505527744,0.19402781807523553,0.013335111728055368,0.14348437601238268,0.2695345185780585,0.0034421039440179105,0.04531735581222437,0.2935624681060917,0.0008406469204944219,6.902898131896451e-05,0.031938678283522655,0.020372823034570164,0.001314060446780552,0.0002687919076836293,0.245972218296309
2020-08-31,1.1918240785598755,1.3356484174728394,0.7373000383377075,0.6745316982269287,0.009475529116402861,0.7645084538682025,1.1066844011817498,0.11606718280811527,0.11400948324883362,0.04597722115488163,0.060346898440279545,0.1855287615530171,0.013674595905529358,0.13652063229273786,0.2717834453759405,0.0033708282425782476,0.04571115295704657,0.2976101874361265,0.0008477522096456444,6.840881105486387e-05,0.03216468302000833,0.020682094765846742,0.0012836970474967907,0.0002671118530884808,0.24651185151775998
2020-09-30,1.1742050647735596,1.2866535186767578,0.714360237121582,0.6600921154022217,0.009463961104413762,0.747171965802526,1.0876185841977544,0.11153681485220183,0.10631556918963904,0.044695732146148415,0.05907728698449014,0.17760412546936344,0.01354187803465891,0.12801917474699884,0.2594639482292498,0.003217658471987331,0.043234082331682355,0.290226898914392,0.0008562670290471238,6.70690811535882e-05,0.03168266668890487,0.02068038485093018,0.0012753475719122756,0.00025738701033865054,0.24140596060291633
2020-10-31,1.1678695678710938,1.2931926250457764,0.7037599682807922,0.6629716753959656,0.009564435524487486,0.7510157629361549,1.0925259993355194,0.11218043597315011,0.1050102534053754,0.04684806208283227,0.06112992324013965,0.17307625490790773,0.013465474534389036,0.12051183418589612,0.252664349439468,0.003179397565870766,0.04270037035254307,0.2923600507863839,0.0008853318070581868,6.748549061951681e-05,0.032027672346785954,0.020670980480596512,0.0012961762799740765,0.0002591009198082653,0.2398541719134538
2020-11-30,1.1971460580825806,1.333191156387329,0.7400281429290771,0.7035019993782043,0.00960780915973012,0.7702617506446389,1.105913320240346,0.1176915056125295,0.1133744471977187,0.049905004131082877,0.06563596357252095,0.18717827996788658,0.013524314193492868,0.12792107993920743,0.2668516806015625,0.003312903693157663,0.04571219716175077,0.30184942418155364,0.0009055264638229908,7.111543730021354e-05,0.03306222278697017,0.020785699175086592,0.0013017443167268503,0.00027738097640541613,0.24527057980358957
2020-12-31,1.2299896478652954,1.36306631565094,0.7689290642738342,0.7215397357940674,0.00969734562981697,0.7842706970097967,1.1343270100222724,0.12211845784825287,0.11722641717416381,0.05027424687588699,0.06829994510346056,0.19264709151534204,0.013673530277013339,0.13561657061350832,0.2686179098801637,0.003377294435493089,0.04689507766621569,0.31121139791087965,0.0009204542990283207,7.229320032325792e-05,0.03342357629231808,0.0208029957634402,0.0014064697609001407,0.00029237628828302024,0.252793363094169
2021-01-31,1.2120037078857422,1.3725008964538574,0.7669699192047119,0.717442512512207,0.00958855506696231,0.7793685583999538,1.1253543559547194,0.11985089959954298,0.11630746514467445,0.04937722805361305,0.06583928454932117,0.18389150047920563,0.013710124668496608,0.13613258417586718,0.26690867007853125,0.003380319931683866,0.04655710208750733,0.304796276551834,0.0008990460805014992,7.217681684871929e-05,0.03339455702759092,0.020790021449543766,0.0013596193065941536,0.0002810362360410722,0.24879954320060677
2021-02-28,1.2160420417785645,1.4008152484893799,0.7870000004768372,0.7365506291389465,0.009400351767313754,0.7930276856075434,1.1042769001371229,0.12041678528515924,0.11763459967870188,0.04782194905308914,0.06667511093273024,0.18089642735180012,0.013670371457759593,0.13655418985217405,0.2694691482757987,0.0033655868742111907,0.04638304799246955,0.3050733719561881,0.0008935512367972951,7.159125976986487e-05,0.03304146770748097,0.020387360154012667,0.001397624039133473,0.0002771081036192172,0.24993752014878368
2021-03-31,1.1723604202270508,1.3746649026870728,0.7608798146247864,0.6992420554161072,0.009065772152063332,0.7923428279752688,1.0619205583261708,0.11470744828939669,0.11703695733555909,0.04860031053741513,0.06710877810076403,0.1732621872480672,0.01361557564013628,0.12012444379883747,0.2519335882959922,0.003228410008071025,0.044862159720474026,0.2998536728626215,0.0008831426164285872,6.846970215679562e-05,0.031966242680001866,0.020560055716947866,0.001372118574025102,0.0002682223563334004,0.23845859347826062
2021-04-30,1.2127091884613037,1.3952839374542236,0.777762234210968,0.7247374653816223,0.009182399233865981,0.8145843139018043,1.1001100358159008,0.11952443097214935,0.12225970393026257,0.04993932466542839,0.07001918393264009,0.1873922483313291,0.013494221005549667,0.12217649722941032,0.2655668580373866,0.0033687614609905587,0.046949018538884085,0.30791021566027676,0.0009036443938693817,6.925351541056412e-05,0.032082130174922285,0.02063770430732091,0.0014106361483434066,0.000269297878759807,0.24640251380494277
2021-05-31,1.2190067768096924,1.4180374145507812,0.7710099816322327,0.7242912650108337,0.009098601736947728,0.827965355497403,1.1109753174221626,0.12034548644745215,0.11961149898220673,0.05018543574408575,0.07262955123454708,0.19091256510538757,0.01381339460441674,0.1166398457106289,0.271997817949634,0.003507295234025901,0.047920488374239886,0.3077263954497946,0.0008985937205717961,7.003782042302843e-05,0.032,0.02094372349018383,0.0013812154696132596,0.00026981450252951095,0.2478806089265302
2021-06-30,1.1901928186416626,1.3842746019363403,0.7513599991798401,0.6989800930023193,0.009046907919385115,0.8066988463734744,1.0858942489704622,0.11739996674748408,0.1168714471593213,0.05049714289236687,0.06972333975393202,0.20181227179881284,0.013461197178932701,0.11460004804437744,0.2634282621708822,0.003388624261776188,0.04693953998735119,0.30744919447772134,0.0008845565199438773,6.835690689802632e-05,0.031129373144693207,0.020546115151325622,0.0013751374906678406,0.0002655513509924982,0.24177948795576942
2021-07-31,1.1892997026443481,1.3964334726333618,0.739609956741333,0.7011098861694336,0.009140016189164418,0.803257995849943,1.1040939859668613,0.11693731855676909,0.11456879474933815,0.050374279954622715,0.0688857051860837,0.19683489527443712,0.01346765090227877,0.11831155193308869,0.26037530311286716,0.0033287839546274393,0.046715873754300245,0.3086829517872029,0.0008755647430000512,6.920415224913495e-05,0.030450669773252025,0.01989851713752046,0.0013161704196482137,0.0002600205350201827,0.24196083679845673
2021-08-31,1.1796904802322388,1.376045823097229,0.7291233539581299,0.6998194456100464,0.009095539527208481,0.7930905903237103,1.0902985216724992,0.11594740073836057,0.1153626117126426,0.049654282550225796,0.06838191423266543,0.19294217701939098,0.013621899381562526,0.1195128650804958,0.25889296773843506,0.0033933271952164526,0.046173805422494704,0.31099361337783615,0.0008579934892203047,6.962818548948615e-05,0.030798606223963333,0.020048115047840875,0.0012784127706444467,0.0002621231979030144,0.23928596856669765
2021-09-30,1.1601601839065552,1.3426424264907837,0.7179998159408569,0.6872379779815674,0.008933676625197872,0.7840800294391925,1.070377311278966,0.11372269334818726,0.11406137177439654,0.048777869170536746,0.06603580436706545,0.18469608379327868,0.013454966482174828,0.11215616225900474,0.25056000043967286,0.0032224279728146977,0.04573519370994535,0.31083993103914914,0.000842154867880273,6.951685783802571e-05,0.029467231722057674,0.019573301957591528,0.0012353304508956147,0.0002608071982786725,0.23478586998261344
2021-10-31,1.1683608293533325,1.380071759223938,0.7531600594520569,0.7195124626159668,0.008801577450685192,0.8099724051936054,1.0970445958547457,0.11770092482537244,0.12005868652378524,0.04907156403910802,0.06618589168026319,0.17715106156647123,0.013369483871540263,0.1049855563961356,0.25290602267656115,0.0032347802051352925,0.045427909421797696,0.3161105752124717,0.0008566264373615445,7.027900766041184e-05,0.03012955834217089,0.019727757488497772,0.0012416344650566745,0.00026470782873403483,0.23636190888587613
2021-11-30,1.1293437480926514,1.3315047025680542,0.714580237865448,0.6830694675445557,0.008787037296505793,0.7850525890024425,1.083576258095151,0.11035894948841783,0.11097424515201523,0.04612376036807656,0.06209976390178797,0.1785491130702696,0.013323580273066713,0.07874635575738329,0.2412603530520904,0.003075929211198943,0.04436557051384681,0.31587891191894807,0.0008398139041279436,6.955554009876887e-05,0.029704440006082664,0.019851116625310174,0.0011855364552459987,0.00024793900700427696,0.22840958832509706
2021-12-31,1.132502794265747,1.349837303161621,0.7249801754951477,0.6830414533615112,0.008690890809677368,0.7846583288886927,1.0944511512627222,0.11053619821830882,0.11361531872069214,0.04887800365842938,0.06293622642530917,0.17952676852296046,0.013435226427313427,0.0752417157771339,0.24664379408276563,0.0030709605758126052,0.045806423373046246,0.3221431643625192,0.0008404138094187285,7.000251913362312e-05,0.030007501188479925,0.01951790744778403,0.0011743981209630064,0.00024580593621335953,0.22890104463869002
2022-01-31,1.1152374744415283,1.3403388261795044,0.6997998356819153,0.6551920771598816,0.008675886163678584,0.7837543278312872,1.0739639025516252,0.1061324416627648,0.11123470806002271,0.048009984986806795,0.06417550339386385,0.18647671428547294,0.013326403343313495,0.07417269660776996,0.24343817983194116,0.003114149231308452,0.04586945427748357,0.3123496823706948,0.0008280133743566522,6.953329442909295e-05,0.029941913756405564,0.01961748214723364,0.0012583552090060875,0.00025559121380242477,0.2258891573200178
2022-02-28,1.118105411529541,1.337327480316162,0.7186489701271057,0.6693216562271118,0.008651641717530948,0.7839939991609218,1.0792178270569426,0.1049046077547349,0.11204243306257039,0.048607069185305364,0.0651346565301255,0.19382098745236387,0.013321255254304849,0.07128173073229957,0.2378958688298459,0.0030416401539570424,0.04496402923972345,0.3094815880286972,0.0008350103362088798,6.976322266846916e-05,0.030601626691999922,0.019524386528095836,0.0012634818502883513,0.0002594878409420625,0.22741640612910569
2022-03-31,1.1161835193634033,1.3138878345489502,0.7503001093864441,0.6970681548118591,0.00819531039319195,0.8011344188548237,1.0834588375863996,0.10827655120861845,0.11681846767783166,0.05030648992561416,0.06905028399439551,0.2096567896184123,0.0131877759925368,0.06825468210432062,0.2405570976578411,0.0030418714044407906,0.045943212609076,0.3145682780810026,0.000826145904305035,6.979584714709475e-05,0.03001290532947059,0.019190174405819365,0.0012680217514024162,0.00026671005914308585,0.22579989764910569
2022-04-30,1.0504201650619507,1.2463854551315308,0.710883617401123,0.6493085026741028,0.007644616771824473,0.7809693391204788,1.0291242018593434,0.1011808790972753,0.10625298862369845,0.04892056901811754,0.0625684339262573,0.20251934344453193,0.013056705801653266,0.06761832752691882,0.22408903244364575,0.002775696090417487,0.0428096861356805,0.30050786734047963,0.0007859843033408171,6.895600606812854e-05,0.029041065660344582,0.01902587469314949,0.0011661671451197642,0.0002517908594139629,0.21245857130193624
2022-05-31,1.0773539543151855,1.2647020816802979,0.7195202112197876,0.6558279991149902,0.007825706087992384,0.7901890278129581,1.0435907669064877,0.10260145555325721,0.10634711901839546,0.05119987000033008,0.06461284001005385,0.21042000179601575,0.012899747549877622,0.0610370221354203,0.23503252784771086,0.0027459326793977785,0.04383273586907432,0.2995088097337164,0.0008089501965348057,6.878335808146019e-05,0.02933583558127186,0.019142418986793364,0.0012048338073542514,0.0002544425729138551,0.2181263029293685
2022-06-30,1.04465913772583,1.2131799459457397,0.6880465745925903,0.6225099563598633,0.007321233532223716,0.776198669509808,1.0480202872426896,0.09786478894376967,0.10115928726894834,0.04967621132476782,0.0616952617354593,0.19301665372772633,0.01267454429099157,0.06013879843073488,0.22386439220419138,0.0026554783463196606,0.04224257364117484,0.28909086410192136,0.0007682084725742449,6.72178530617732e-05,0.02850789740663001,0.018165304520599956,0.0010795638704288782,0.00024345590410880576,0.21155961907098467
2022-07-31,1.0192328691482544,1.2173447608947754,0.7000839710235596,0.6295682787895203,0.007440642100528143,0.7808230067325744,1.0477567851636003,0.09799272000037382,0.10277080791406258,0.049306746141092185,0.060509980508946404,0.19294961500279237,0.01256731324971744,0.055725207959268115,0.21426875384930386,0.0025194945971342133,0.04152392737431141,0.29266208930933474,0.0007721113239004176,6.734415057520717e-05,0.02748385450407413,0.01789004797154015,0.0011007760323218587,0.0002286456363292908,0.20677390325832135
2022-08-31,1.0025062561035156,1.1659767627716064,0.6857398152351379,0.6132185459136963,0.007208038740568568,0.7639711526166757,1.0267783931446335,0.09372897172870714,0.10196164458581583,0.04968376220160868,0.05896991385786452,0.1952400445267718,0.012549839057735655,0.05509562667534262,0.2123322587892552,0.0024928517278905663,0.04086436143160885,0.30057378630451753,0.0007406365351518468,6.734006734006734e-05,0.02744312474580636,0.01776198958350484,0.0011236586170947404,0.0002266586922944456,0.20620681782225395
2022-09-30,0.9829555749893188,1.1169440746307373,0.6512998938560486,0.5742308497428894,0.006923721373461111,0.7312881647130739,1.0257146789148437,0.08978925672557134,0.09366891381324728,0.049690528870782236,0.05566196415109103,0.18531558627056835,0.012272860276268572,0.05406136120404821,0.2026010270171156,0.002333722287047841,0.04010845366017333,0.280654478419643,0.0006992175540478867,6.589698897737719e-05,0.026411706008566394,0.017064846860731907,0.0010381520892810796,0.00022089927144227592,0.19882692086351944
2022-10-31,0.9955002665519714,1.159595012664795,0.6401310563087463,0.5801911354064941,0.00676535074249456,0.7348564234218244,1.0036029222014065,0.09119228157857226,0.09693566822430424,0.05045357774864497,0.055202871246753216,0.1890895398956323,0.012159651834968943,0.0538416866194236,0.211037242807568,0.0024210729694754034,0.040670246733564536,0.283148160612085,0.0007034079997375958,6.431198951965789e-05,0.02640752084065983,0.017251789827785486,0.0010605578259703838,0.00020689970092486592,0.20233618156103256
2022-11-30,1.0324499607086182,1.1946860551834106,0.668408989906311,0.6196900010108948,0.007207467189395732,0.7361818381272077,1.0478775241378169,0.09439260354100092,0.09992455456747906,0.05199667126412524,0.05893429120141365,0.18981815706716812,0.012250263446274483,0.05364835588532762,0.22093670795927642,0.0025432996612090144,0.04244301876100463,0.291063203048156,0.0007545062915896034,6.358693924267956e-05,0.02823502852217828,0.0177044415088325,0.001111049401213949,0.00020792874541805456,0.21012376464798155
2022-12-31,1.066075325012207,1.2056326866149902,0.6766000390052795,0.6345902681350708,0.007523548686725407,0.7378984367151931,1.0835997032588436,0.0956736386723779,0.10121774901477913,0.05139380080314577,0.059099556004846204,0.18922908856569784,0.012072177385261723,0.05346738797112267,0.22806578345521697,0.002667947229228352,0.044110577307343926,0.2841635685213759,0.0007934870520774309,6.402048655569782e-05,0.02891844843981317,0.017969451439007963,0.0011682242990654205,0.00020626510101249174,0.21562877605762515
2023-01-31,1.0850694179534912,1.2353609800338745,0.7058099508285522,0.6468890905380249,0.007664068317983991,0.747171965802526,1.08075396321812,0.09620749732845134,0.10022992425900709,0.05330888165818311,0.05754170250072327,0.19550723925657446,0.01225792097722205,0.05316886271704482,0.23039881594358505,0.002783266932609317,0.04555725760755404,0.2890089935643313,0.0008120178643930166,6.668889629876625e-05,0.030525032088988182,0.018304960286439558,0.0012391573729863693,0.00021737097658050617,0.22109707861998612
2023-02-28,1.0611205101013184,1.2061562538146973,0.6743001937866211,0.6164202094078064,0.007335842119101991,0.7367025518201241,1.0688328542642838,0.09626306950718073,0.09676232815896182,0.054445770802254934,0.05440628342098933,0.19231879210910002,0.012098920713724814,0.05295432400687664,0.22519479763628103,0.002808673115380597,0.04491878749226026,0.2728512988836156,0.0007585239265131798,6.575054244197515e-05,0.028579592798802584,0.01807337731622371,0.0012002784435002475,0.00020932502084051354,0.21566132786742961
2023-03-31,1.0904649496078491,1.2387275695800781,0.6716818809509277,0.6269789338111877,0.0075074509182182034,0.7395410311494534,1.0948345383514746,0.09658569224216575,0.09620454034169082,0.05528053483849975,0.05637010168031475,0.19635949478687878,0.012180193488068156,0.05214933691838805,0.2333286678399381,0.002871789011147726,0.046444660889963144,0.27873320752482583,0.0007713073659853452,6.657789613848202e-05,0.029312617640326676,0.018416884485940074,0.0012677163240219166,0.00021536639207451677,0.22038422049855558
2023-04-30,1.1032048463821411,1.249750018119812,0.6630398035049438,0.6146394610404968,0.007473729730518764,0.735310352021409,1.1187183841265527,0.09726159580750816,0.09426919027870552,0.055480041383999985,0.05473798198167723,0.20095654900301346,0.01223015708985114,0.051452241599662565,0.2411646361202102,0.0029570575111950003,0.0470920636334959,0.27508802637925267,0.0007466085225836775,6.810133478616181e-05,0.029337559202456735,0.017977528089887642,0.0012455471915966921,0.00021483430903915354,0.22363860402893548
2023-05-31,1.073306918144226,1.241187572479248,0.6517800092697144,0.6046789884567261,0.00715348479693462,0.735310352021409,1.1039964855763733,0.09205704085236623,0.08943184150056521,0.056638930276453565,0.05088304928722794,0.19861761927866212,0.01209425308907627,0.04851636736142375,0.2366221427295641,0.0028998114609278106,0.045335024680613366,0.26982979824447073,0.0007576962777430418,6.676013084985647e-05,0.028818443170411316,0.017746229406896134,0.0012432399208709356,0.00022772559066325078,0.21629103133847424
2023-06-30,1.0868029594421387,1.2614636421203613,0.6619710922241211,0.606678307056427,0.00690703141615855,0.7547169539715406,1.1121738545923499,0.09208654119917582,0.09260442345935865,0.05845867820152772,0.053334754812190834,0.20594777672558126,0.012183918495504698,0.03840452115725147,0.24464226199648847,0.0029287722377274988,0.045943212609076,0.2708940645237877,0.00075581793903247,6.638343069569835e-05,0.028074116507197964,0.018037518484321106,0.0012455627208186413,0.00023993185373013783,0.2191151752851817
2023-07-31,1.1024264097213745,1.2853965759277344,0.6660805344581604,0.6160100698471069,0.0071043921568967544,0.7546600569426571,1.1496631503612857,0.0949893123254126,0.09814312807821604,0.05994880165971536,0.05682464054313591,0.21171638562015888,0.012157640835915723,0.03725726792731717,0.24987137977863738,0.0028683704385574532,0.04602462123406746,0.27022572520937593,0.0007859225461434487,6.62778366914104e-05,0.029205606044957942,0.01821360943152367,0.0012080358865699723,0.0002546933593929742,0.22365360583039862
2023-08-31,1.0932546854019165,1.271179437637329,0.6478782296180725,0.5952983498573303,0.006844673862820771,0.7388088653808672,1.1388094995187765,0.09230235655440075,0.09437015926746345,0.05967609129615157,0.05349335521410943,0.20456590788002557,0.012091839751757127,0.03747943427134145,0.24476209728057158,0.0028814457597821468,0.04541697339490248,0.26449079375160883,0.0007558407427316298,6.572029442691903e-05,0.028575511659435327,0.017618351625183118,0.001173970724534978,0.0002440941550295851,0.22145941419412885
2023-09-30,1.0562450885772705,1.2204796075820923,0.6427974700927734,0.5964398384094238,0.0066962639024415165,0.7412349007972115,1.0931829190690165,0.09156402371882093,0.0932429586883156,0.05701598702663577,0.05270739548029017,0.19869654282651827,0.01202024197303204,0.036418064217846,0.22775790817623123,0.002697017107967682,0.04344086360060336,0.2603156567153313,0.0007419223341717092,6.462453147214683e-05,0.027347808025364826,0.017655990525423052,0.0011050944557632388,0.00024562480810561867,0.21256243125416327
2023-10-31,1.061503529548645,1.2165746688842773,0.637100100517273,0.584030270576477,0.006706413683474384,0.7231390303846376,1.1085737431243643,0.08975226660474195,0.0897882110843626,0.055407495897976014,0.05309349337156665,0.19817284087345083,0.012005306178264764,0.03538899763752953,0.23865210140875331,0.0027754957806416453,0.043284795956184514,0.24772220175410517,0.0007418012713307482,6.311935870731554e-05,0.027847396386777374,0.017634506975930685,0.0011026087693872628,0.0002463054187192118,0.2140594290835358
2023-11-30,1.0973695516586304,1.2696397304534912,0.6619009971618652,0.6155892014503479,0.006800916695827091,0.7358243468628769,1.145055671361719,0.09662330405449363,0.09387705441332078,0.057860992488272756,0.05339227970495991,0.20391101567647998,0.012000436905555063,0.034553151879110365,0.2529596211260374,0.0029058447935868515,0.045271197343936864,0.27157677807414093,0.0007761805794729988,6.490556240669826e-05,0.028733982342692508,0.01811594177859843,0.0011505493550139976,0.0002506988168313408,0.2209456462534148
2023-12-31,1.1068191528320312,1.2733986377716064,0.6826302409172058,0.6334887742996216,0.0070706360163111425,0.755880741332984,1.1857332478728706,0.10028993502524904,0.09822864021508498,0.058992871972185966,0.053858124611630684,0.2061770573715638,0.012150372728108712,0.03387556804903211,0.2553933939254998,0.0028923469319302813,0.04485350883436725,0.27592295426411834,0.0007825706087992385,6.482982171799028e-05,0.02916302051036621,0.018078279396668874,0.001130403309189453,0.0002577485662736001,0.22291573481816837
2024-01-31,1.08433997631073,1.269551157951355,0.659480094909668,0.613180935382843,0.006785687475894274,0.7461739784726442,1.1602812828090603,0.09610441030905158,0.09581049299674688,0.0582998256413906,0.053250119188337074,0.202007950271694,0.012032289409461088,0.032939812000657175,0.24939024520764247,0.0028076479273932376,0.04379894495842806,0.2733136632134809,0.0007537953624102166,6.335128286347799e-05,0.028287741529049202,0.01776198958350484,0.0010727886861651773,0.00025515020629105975,0.21816912259924728
2024-02-29,1.0838816165924072,1.2663036584854126,0.6494700312614441,0.6097100377082825,0.006637637804717974,0.7365125812218883,1.1380319240401113,0.0967899630037144,0.09442442779657274,0.05852299884826603,0.05193968914132505,0.20131661313811997,0.01206099437134579,0.03204220402605482,0.25113595757175716,0.0027560357460393132,0.04289212959266352,0.2783956598381705,0.000749973748172328,6.364481024741112e-05,0.0278133181257543,0.017790112719213953,0.0010218261925037224,0.0002548946176288254,0.21840260022932173
2024-03-31,1.0794472694396973,1.26262629032135,0.6516780853271484,0.5974700450897217,0.006603275118058128,0.7387706718380388,1.10979169364984,0.09356584880783352,0.0922458165353575,0.06023065779633231,0.0529192930515065,0.19943758303353296,0.011991414472200552,0.0308174952391376,0.2507899850087011,0.002739275753814948,0.042733946201433344,0.27299132745852234,0.0007408504695700553,6.298419096806702e-05,0.027502749813356812,0.01779992870359368,0.0010199293980268874,0.0002592520578132089,0.2173015446046186
2024-04-30,1.0715701580047607,1.2559815645217896,0.6561899185180664,0.5971611142158508,0.006397379823146652,0.7317055257470064,1.0980323372479424,0.0915041999434347,0.0910143374731946,0.0587835550726391,0.053675971943296895,0.19542700407888192,0.011983065070789698,0.03089287944960745,0.24843560292087918,0.002739223315498455,0.04264028715308124,0.26590652750674654,0.0007274631826105751,6.155361319709468e-05,0.027027757105684197,0.017347858971086615,0.0010620897926130954,0.0002559338251103449,0.2156380660693058
2024-05-31,1.0835410356521606,1.27304208278656,0.6630301475524902,0.6116507053375244,0.006371333974718435,0.7308178572872279,1.107039664132568,0.09445510784487172,0.09477505097687602,0.058803400244528146,0.05345792383758983,0.19223006832334916,0.012001790672442553,0.03101371319011528,0.25316294943276657,0.002782918512752226,0.043846379776713705,0.27009653673629447,0.0007269449437704714,6.162188809465122e-05,0.0272620704630675,0.017111567821683132,0.0010907028169676984,0.00025874894883239535,0.21794089979269576
2024-06-30,1.0708472728729248,1.2645741701126099,0.6650599241256714,0.6084686517715454,0.006223278933769692,0.7299642893379857,1.1129412901010596,0.0941327963529574,0.09385036047203713,0.054260038310968366,0.05424787781231709,0.18180164771266846,0.011983094650284017,0.030406413667296926,0.24857700866068663,0.002702191423807817,0.042787703497197474,0.266196745628413,0.0007210065504923739,6.107093854701025e-05,0.027159152859541437,0.017063972647547505,0.0010480752045134785,0.00023958523677642743,0.2153779825300755
2024-07-31,1.0816072225570679,1.2836971282958984,0.6541501879692078,0.5902003049850464,0.006550075404424879,0.7220424850060945,1.1337482720647265,0.0929315377738656,0.09136132978300272,0.0533253701127802,0.05463054195404886,0.17821816843753002,0.01194186721779239,0.03021285016561262,0.2523620525282962,0.0027385479795394496,0.042604133451259206,0.26691864064383697,0.0007228044813877846,6.124261260985394e-05,0.027903341846273817,0.017077960802462985,0.001046528688485061,0.0002449629493539102,0.21762312378516832
2024-08-31,1.1080454587936401,1.3166210651397705,0.67958003282547,0.6263309121131897,0.006901787592052708,0.7413393178210693,1.180721211010117,0.09785089835731588,0.09523646039590247,0.05041796516974549,0.05641016757635479,0.17769249005816062,0.011919646782976709,0.029345014143915316,0.2587055126926134,0.002823000666723699,0.04428639245585197,0.2732897465391998,0.0007502550839810374,6.474671168586464e-05,0.029507229802590258,0.017834849392594332,0.0010933980420673951,0.00024241660951489926,0.22283626737946435
2024-09-30,1.1169815063476562,1.338329792022705,0.6918787360191345,0.634981095790863,0.007003634652987408,0.740258187365464,1.189767999290843,0.0991803764022105,0.09537798233565886,0.05094113545658022,0.05852196672241803,0.1840536003874236,0.01194509078567916,0.029283383514088684,0.2615246116478884,0.0028162668632873812,0.044489528047203596,0.2704881189256635,0.0007637668698592346,6.614631565021828e-05,0.030911902539963527,0.017841213445348184,0.0011114198388441233,0.0002392739437802035,0.22471911075545367
2024-10-31,1.0859178304672241,1.2959579229354858,0.6572798490524292,0.5971112251281738,0.0065272449430932725,0.7190106417519138,1.1543345436821622,0.09367374205773922,0.09123088912304715,0.04959348116936973,0.056672345921302866,0.17354181446373218,0.011892147210686673,0.029168806299226618,0.24952433780600358,0.0026638961106531457,0.04284728919108874,0.2702541932111706,0.0007253893809972244,6.371252906884139e-05,0.029630507088313027,0.017191878610688657,0.0010402146712552764,0.0002266273654092942,0.21850759605301984
2024-11-30,1.0563008785247803,1.2696800231933594,0.6507400274276733,0.5896400213241577,0.006614894271812038,0.7139185560350129,1.1333499378411802,0.09161359913825678,0.09059940924999149,0.04893277809583204,0.05530759342218055,0.16628145342133585,0.011838297840056172,0.028861387523007615,0.24546435927384802,0.0025529741353989403,0.041833129309377715,0.2739650973906683,0.0007177204944771794,6.298022420959819e-05,0.02906976615241445,0.017047682252283508,0.0010230806980502582,0.00022642569135569065,0.21240440975097516
2024-12-31,1.040615200996399,1.254909873008728,0.621999979019165,0.5639712810516357,0.006369629804144769,0.6968738071117014,1.1071254287605932,0.09071257108114626,0.0882798010080932,0.04846792820518035,0.053290984174766715,0.16186730544431363,0.011656832429743243,0.028324400741259456,0.24348258186610008,0.002531594324988786,0.041395696170269614,0.27373785906563347,0.0006814820804403412,6.216740589621418e-05,0.029292012120678477,0.01723246632837714,0.0010066945432903845,0.0002271091095149402,0.20939777391452297
2025-01-31,1.0397279262542725,1.2423903942108154,0.6215001940727234,0.5636406540870667,0.0064894189971760295,0.6899882460450697,1.0996636227540986,0.09052100146523757,0.0883662339212078,0.048368831529708764,0.053858124611630684,0.17022725924187068,0.011541080053211254,0.02789164451899883,0.24765348502436796,0.0025567601055537436,0.04141026873375747,0.27940609258316523,0.0006936448096579201,6.144582014808442e-05,0.02975304914728295,0.0171438362525064,0.001016497738441433,0.00024038173746699151,0.20914813665708165
2025-02-28,1.039511799812317,1.259890079498291,0.623219907283783,0.5627208352088928,0.006666133668918481,0.6923529595283493,1.1112099017151238,0.09295710170037554,0.0889266713864635,0.048881590098673516,0.054261919576674894,0.17126219583053737,0.011451211654599265,0.027383906397649538,0.2497842982463245,0.0025989010823414156,0.041626773098564496,0.2797108929959974,0.0006897217732079968,6.0409458138959214e-05,0.02936857628212762,0.01724881459800953,0.0010501554337723938,0.000242101440503571,0.2091175212126222
2025-03-31,1.082391619682312,1.2938284873962402,0.6282907128334045,0.570711076259613,0.006683732267243225,0.6988559770390632,1.135267049577246,0.09991756564518009,0.09538153076215736,0.04906749504002653,0.05431476619511641,0.1736683965722314,0.011690600800482209,0.026333043527613665,0.2592354591593135,0.0026936026936026937,0.043445392085200325,0.2710276774546905,0.0006805452370265457,6.033182503770739e-05,0.02940311818148067,0.017430713240683463,0.0010913036275921042,0.00024237546895156041,0.21768470225496495
2025-04-30,1.1389262676239014,1.3410794734954834,0.6386919617652893,0.5936691164970398,0.007027456470592525,0.7232331108469258,1.2144470797219917,0.10369356712354126,0.0964227144967136,0.05117655074452214,0.054015511038301205,0.17793594668383506,0.011741113254105543,0.025974430033251797,0.2669656669100626,0.002818727713638322,0.04571700430707113,0.2760021725863767,0.0006987338774962229,5.983759935291246e-05,0.02991325129737362,0.01786511884341238,0.0010579883382357204,0.0002383648173529587,0.22903211186266495
2025-05-31,1.1378376483917236,1.3498992919921875,0.6445998549461365,0.5978608727455139,0.006955118282963664,0.7243384695063777,1.2165894340165542,0.10473507044109097,0.09882594614626065,0.051813202163772006,0.056235854905384734,0.1765193876121831,0.011714910949444768,0.025504681235266245,0.26845392563008336,0.0028189660808732187,0.04569548366111565,0.2855315502088947,0.0007297086091452834,6.137605106487449e-05,0.03074085574932243,0.01798593531474289,0.0010656095902781856,0.00024220405691795338,0.22537751759445368
2025-06-30,1.1727453470230103,1.3719680309295654,0.6533215045928955,0.6063987016677856,0.0069196012360171495,0.7309193598558482,1.2527403388769447,0.10561145456266832,0.09931670136737393,0.05319375276158802,0.05627208794402758,0.18253503905200766,0.011702024418440938,0.02506856358863434,0.27679860018957414,0.0029396202643612846,0.047415836546463606,0.2953930545125484,0.0007333582858967556,6.161809107153861e-05,0.030641008437778918,0.01768377873662952,0.0010880157889791252,0.00024780445614847263,0.23103224489449686
2025-07-31,1.1429355144500732,1.3257676362991333,0.6447120904922485,0.5907686352729797,0.006701245184528116,0.7233168624257572,1.2296946508934723,0.10225241302104969,0.09712415698683328,0.05307038916274408,0.05561184989102777,0.17935933247927874,0.011400610667475695,0.02463842993169223,0.26756469346159856,0.00285732248618099,0.04654409921302007,0.29626381475374447,0.0007181225303580338,6.087612635696096e-05,0.03057169147016874,0.017462673721441897,0.001018921377441899,0.00023884874902967696,0.22542832038728294
2025-08-31,1.1681560277938843,1.35111403465271,0.6532399654388428,0.5885087847709656,0.00681245347597185,0.7272833203053745,1.247520513332058,0.1055035985338226,0.09936406867175172,0.053618613110506065,0.05655833317061967,0.18474043603687282,0.011416607125327905,0.02430694866401446,0.2741960114889869,0.0029470792949422174,0.04767625888028156,0.30082786935922284,0.0007223293499115208,6.118341023781286e-05,0.030998141724406438,0.017566974324155254,0.0010332499766818738,0.00024845954777086716,0.23056348842670568
2025-09-30,1.1731443405151367,1.3437248468399048,0.6581978797912598,0.5781516432762146,0.006729701482452521,0.7185869499574045,1.2543903283167588,0.10619104090058869,0.10016427278509954,0.05446919988700733,0.057970341460092153,0.18790987502793355,0.01127338544567682,0.02405199129172288,0.27507153702559173,0.00300136255704952,0.048310810655159526,0.3017883947532055,0.0007146277371345853,6.013952369497234e-05,0.031046259808248985,0.017221781548838255,0.00103633386269601,0.00025516713447307985,0.23116041392020528
2025-10-31,1.157246708869934,1.3159106969833374,0.6559299826622009,0.5745310187339783,0.006497726053664539,0.7152512871330521,1.247520513332058,0.10597778518945251,0.09950239125300253,0.05397994058261164,0.05788413677794704,0.18580453468418887,0.011282288678090065,0.023794341745761328,0.2728944020753566,0.002982039147636237,0.04758754747971742,0.30728762498681267,0.0007022373184958269,6.191950464396285e-05,0.030959753053263685,0.016990621467835334,0.0010615485650693505,0.00025917143222145035,0.2278319402226225
2025-11-30,1.1599851846694946,1.3241175413131714,0.653579831123352,0.5731000304222107,0.006398607802911632,0.7129616172618717,1.24285359125763,0.10559026976383731,0.09842345223795516,0.05455656608972185,0.05834009884772608,0.18672741233974838,0.011190088330086433,0.023537663907688224,0.27457441268475885,0.0030411774762050692,0.04806791088667293,0.30628809748047736,0.0006842753409703428,6.0226812765308224e-05,0.031046259808248985,0.017061934645729766,0.0010788883077981948,0.00026710258643468387,0.22812820289124197
2025-12-31,1.1747292280197144,1.346719741821289,0.6697999835014343,0.5791494250297546,0.006393330707166606,0.7302094969623381,1.2631047025557345,0.10875782978875231,0.09949050510946578,0.0556210653666974,0.06029373831228639,0.1826083746124316,0.011139653186166712,0.023281813463421983,0.2784119402850336,0.003045345235161098,0.04850107615093015,0.3148594874347966,0.0006954538018579788,5.984798611526722e-05,0.03179650161339251,0.016984273038982634,0.0011111851871093024,0.0002673467997099914,0.23100557468468152
2026-01-31,1.19657301902771,1.380643367767334,0.7047300934791565,0.6075703501701355,0.0065290345076649105,0.7411799528358151,1.3081984474924584,0.11360305883724402,0.10489085039957667,0.058054546833640516,0.06362003107296249,0.19270793466342098,0.01089539458606819,0.0230122580936267,0.28458813196088656,0.0031488130306739246,0.0492063037693004,0.32330652154642475,0.0006999076074112971,5.960079110737571e-05,0.03202049358494456,0.01700246575447307,0.0011639275935306824,0.0002738015683295009,0.23502868217975154
2026-02-28,1.1803030967712402,1.3491452932357788,0.71017986536026,0.5980217456817627,0.006416055803708009,0.7312186189564537,1.2932762295929274,0.1105192235230258,0.1047154383209355,0.05812973416707376,0.06282472441357205,0.19468130603586203,0.01098811738788762,0.022750334037916993,0.27954668997786447,0.0031449408087358102,0.04872083280984111,0.31957865610076314,0.0006981680333300237,5.9705057018329455e-05,0.03217503225401416,0.01737317540204264,0.0011558422272537918,0.00026565434374686256,0.2319163171217478
2026-03-31,1.1460003852844238,1.3172800540924072,0.6845901012420654,0.5717389583587646,0.006256216981978628,0.7179627016823571,1.2501874847240189,0.10463480111797949,0.10278865958108595,0.055128004941971266,0.05817041158588509,0.18996960706588614,0.010598170984288797,0.02248509808153078,0.2673475184248623,0.0029507229802590257,0.04673050135675753,0.31608260808785765,0.0006595740449561869,5.890877251721672e-05,0.030441401718413783,0.016471480030441677,0.0010750145465530379,0.0002720910750473818,0.22495162335294142
2026-04-30,1.168470025062561,1.3488596677780151,0.7131141424179077,0.584050714969635,0.006242820532531567,0.7314593125164475,1.264926116961297,0.10747429823396192,0.10728980626308092,0.05705841106264173,0.05950351167279515,0.199302444485415,0.010535564563650453,0.02214054802045541,0.27443801699992154,0.0032006451300340224,0.04797198218398934,0.3365326490838294,0.0006723231431894823,5.768942582120109e-05,0.030534351145038167,0.016198004389843076,0.0011056199015901113,0.0002751811402025739,0.2292736651325285
2026-05-31,1.1652837991714478,1.3444474935531616,0.7164201736450195,0.594569206237793,0.006278646155426192,0.7255366856845329,1.2760636077992138,0.1081185082686362,0.10817289366225001,0.05777574914590656,0.061655205568311014,0.19795315976701555,0.010411438983956921,0.02179038524520667,0.27592295426411834,0.0032907617147270724,0.0480496641258019,0.3544013046160086,0.0006687665763004539,5.6053811659192826e-05,0.030731406633821665,0.01646985219265148,0.001122372282884946,0.000273875054535972,0.22238036204546685
2026-06-30,1.1422044038772583,1.325398564338684,0.6882398128509521,0.5651313662528992,0.006175774747059543,0.7037793011427699,1.2382367181134348,0.10299774904592787,0.10074977961081792,0.05723443183455672,0.0609038227287628,0.19298361690605362,0.010549580743666888,0.021440500941391622,0.26639530273815976,0.003230600156344169,0.04711869293366996,0.3348064868565251,0.0006486220107725728,5.578800557880056e-05,0.03007518796992481,0.016384041984107586,0.0010848810855379472,0.0002904232919480142,0.21807873766831765
2026-07-31,1.1523525714874268,1.3460942506790161,0.7025185227394104,0.5875406265258789,0.006242859781517054,0.7137147692685192,1.2410489654347496,0.10484213578497172,0.10492573877476033,0.057654829799442815,0.06060606060606061,0.1969240384662335,0.010450980808027813,0.021052011101325253,0.2676910265289768,0.0031820178701067055,0.04764627208688814,0.32635159602686004,0.0007039279298787417,5.5432066432733243e-05,0.02996703721930623,0.01625751954621536,0.0010810226616897222,0.00032031468415259524,0.21993007213015728
2026-08-31,1.154068112373352,1.350001335144043,0.7061149477958679,0.5882352590560913,0.006276439342709237,0.7184321090183673,1.2318456903504191,0.10503639294807622,0.10530140329432426,0.05847269570427195,0.06169259744841202,0.19382849334824573,0.010479433775418455,0.020948988943411583,0.2682511395689976,0.003160456333320891,0.04757826704242531,0.3329338258237749,0.0007092802199738401,5.611987204669173e-05,0.030202355226999253,0.01633106285974015,0.001094139760994839,0.00032064539906731017,0.22026431903136937
